-- MySQL dump 10.13  Distrib 5.5.62, for Win64 (AMD64)
--
-- Host: localhost    Database: petsvsmachine
-- ------------------------------------------------------
-- Server version	5.5.5-10.4.14-MariaDB

/*!40101 SET @OLD_CHARACTER_SET_CLIENT=@@CHARACTER_SET_CLIENT */;
/*!40101 SET @OLD_CHARACTER_SET_RESULTS=@@CHARACTER_SET_RESULTS */;
/*!40101 SET @OLD_COLLATION_CONNECTION=@@COLLATION_CONNECTION */;
/*!40101 SET NAMES utf8 */;
/*!40103 SET @OLD_TIME_ZONE=@@TIME_ZONE */;
/*!40103 SET TIME_ZONE='+00:00' */;
/*!40014 SET @OLD_UNIQUE_CHECKS=@@UNIQUE_CHECKS, UNIQUE_CHECKS=0 */;
/*!40014 SET @OLD_FOREIGN_KEY_CHECKS=@@FOREIGN_KEY_CHECKS, FOREIGN_KEY_CHECKS=0 */;
/*!40101 SET @OLD_SQL_MODE=@@SQL_MODE, SQL_MODE='NO_AUTO_VALUE_ON_ZERO' */;
/*!40111 SET @OLD_SQL_NOTES=@@SQL_NOTES, SQL_NOTES=0 */;

--
-- Table structure for table `land_list`
--

DROP TABLE IF EXISTS `land_list`;
/*!40101 SET @saved_cs_client     = @@character_set_client */;
/*!40101 SET character_set_client = utf8 */;
CREATE TABLE `land_list` (
  `id` int(11) NOT NULL AUTO_INCREMENT,
  `rarity_id` int(11) DEFAULT NULL,
  `player_id` int(11) DEFAULT NULL,
  `floor` varchar(45) DEFAULT NULL,
  `pets_max` int(11) DEFAULT NULL,
  `created_at` datetime DEFAULT current_timestamp(),
  `updated_at` datetime DEFAULT current_timestamp() ON UPDATE current_timestamp(),
  PRIMARY KEY (`id`),
  KEY `fk_lands_rarity_idx` (`rarity_id`),
  CONSTRAINT `fk_lands_rarity` FOREIGN KEY (`rarity_id`) REFERENCES `land_rarity` (`id`) ON DELETE NO ACTION ON UPDATE NO ACTION
) ENGINE=InnoDB AUTO_INCREMENT=442 DEFAULT CHARSET=utf8mb4;
/*!40101 SET character_set_client = @saved_cs_client */;

--
-- Dumping data for table `land_list`
--

LOCK TABLES `land_list` WRITE;
/*!40000 ALTER TABLE `land_list` DISABLE KEYS */;
INSERT INTO `land_list` VALUES (1,1,NULL,'12',4,'2021-09-24 17:56:49','2021-09-24 17:56:49'),(2,1,NULL,'12',4,'2021-09-24 17:56:49','2021-09-24 17:56:49'),(3,1,NULL,'12',4,'2021-09-24 17:56:49','2021-09-24 17:56:49'),(4,1,NULL,'12',4,'2021-09-24 17:56:49','2021-09-24 17:56:49'),(5,1,NULL,'12',4,'2021-09-24 17:56:49','2021-09-24 17:56:49'),(6,1,NULL,'12',4,'2021-09-24 17:56:49','2021-09-24 17:56:49'),(7,1,NULL,'12',4,'2021-09-24 17:56:49','2021-09-24 17:56:49'),(8,1,NULL,'12',4,'2021-09-24 17:56:49','2021-09-24 17:56:49'),(9,1,NULL,'12',4,'2021-09-24 17:56:49','2021-09-24 17:56:49'),(10,1,NULL,'12',4,'2021-09-24 17:56:49','2021-09-24 17:56:49'),(11,1,NULL,'12',4,'2021-09-24 17:56:49','2021-09-24 17:56:49'),(12,1,NULL,'12',4,'2021-09-24 17:56:49','2021-09-24 17:56:49'),(13,1,NULL,'12',4,'2021-09-24 17:56:49','2021-09-24 17:56:49'),(14,1,NULL,'12',4,'2021-09-24 17:56:49','2021-09-24 17:56:49'),(15,1,NULL,'12',4,'2021-09-24 17:56:49','2021-09-24 17:56:49'),(16,1,NULL,'12',4,'2021-09-24 17:56:49','2021-09-24 17:56:49'),(17,1,NULL,'12',4,'2021-09-24 17:56:49','2021-09-24 17:56:49'),(18,1,NULL,'12',4,'2021-09-24 17:56:49','2021-09-24 17:56:49'),(19,1,NULL,'12',4,'2021-09-24 17:56:49','2021-09-24 17:56:49'),(20,1,NULL,'12',4,'2021-09-24 17:56:49','2021-09-24 17:56:49'),(21,1,NULL,'12',4,'2021-09-24 17:56:49','2021-09-24 17:56:49'),(22,1,NULL,'12',4,'2021-09-24 17:56:49','2021-09-24 17:56:49'),(23,1,NULL,'12',4,'2021-09-24 17:56:49','2021-09-24 17:56:49'),(24,1,NULL,'12',4,'2021-09-24 17:56:49','2021-09-24 17:56:49'),(25,1,NULL,'12',4,'2021-09-24 17:56:49','2021-09-24 17:56:49'),(26,1,NULL,'12',4,'2021-09-24 17:56:49','2021-09-24 17:56:49'),(27,1,NULL,'12',4,'2021-09-24 17:56:49','2021-09-24 17:56:49'),(28,1,NULL,'12',4,'2021-09-24 17:56:49','2021-09-24 17:56:49'),(29,1,NULL,'12',4,'2021-09-24 17:56:49','2021-09-24 17:56:49'),(30,1,NULL,'12',4,'2021-09-24 17:56:49','2021-09-24 17:56:49'),(31,1,NULL,'12',4,'2021-09-24 17:56:49','2021-09-24 17:56:49'),(32,1,NULL,'12',4,'2021-09-24 17:56:49','2021-09-24 17:56:49'),(33,1,NULL,'12',4,'2021-09-24 17:56:49','2021-09-24 17:56:49'),(34,1,NULL,'12',4,'2021-09-24 17:56:49','2021-09-24 17:56:49'),(35,1,NULL,'12',4,'2021-09-24 17:56:49','2021-09-24 17:56:49'),(36,1,NULL,'12',4,'2021-09-24 17:56:49','2021-09-24 17:56:49'),(37,1,NULL,'12',4,'2021-09-24 17:56:49','2021-09-24 17:56:49'),(38,1,NULL,'12',4,'2021-09-24 17:56:49','2021-09-24 17:56:49'),(39,1,NULL,'12',4,'2021-09-24 17:56:49','2021-09-24 17:56:49'),(40,1,NULL,'12',4,'2021-09-24 17:56:49','2021-09-24 17:56:49'),(41,1,NULL,'12',4,'2021-09-24 17:56:49','2021-09-24 17:56:49'),(42,1,NULL,'12',4,'2021-09-24 17:56:49','2021-09-24 17:56:49'),(43,1,NULL,'12',4,'2021-09-24 17:56:49','2021-09-24 17:56:49'),(44,1,NULL,'12',4,'2021-09-24 17:56:49','2021-09-24 17:56:49'),(45,1,NULL,'12',4,'2021-09-24 17:56:49','2021-09-24 17:56:49'),(46,1,NULL,'12',4,'2021-09-24 17:56:49','2021-09-24 17:56:49'),(47,1,NULL,'12',4,'2021-09-24 17:56:49','2021-09-24 17:56:49'),(48,1,NULL,'12',4,'2021-09-24 17:56:49','2021-09-24 17:56:49'),(49,1,NULL,'12',4,'2021-09-24 17:56:49','2021-09-24 17:56:49'),(50,1,NULL,'12',4,'2021-09-24 17:56:49','2021-09-24 17:56:49'),(51,1,NULL,'12',4,'2021-09-24 17:56:49','2021-09-24 17:56:49'),(52,1,NULL,'12',4,'2021-09-24 17:56:49','2021-09-24 17:56:49'),(53,1,NULL,'12',4,'2021-09-24 17:56:49','2021-09-24 17:56:49'),(54,1,NULL,'12',4,'2021-09-24 17:56:49','2021-09-24 17:56:49'),(55,1,NULL,'12',4,'2021-09-24 17:56:49','2021-09-24 17:56:49'),(56,1,NULL,'12',4,'2021-09-24 17:56:49','2021-09-24 17:56:49'),(57,1,NULL,'12',4,'2021-09-24 17:56:49','2021-09-24 17:56:49'),(58,1,NULL,'12',4,'2021-09-24 17:56:49','2021-09-24 17:56:49'),(59,1,NULL,'12',4,'2021-09-24 17:56:49','2021-09-24 17:56:49'),(60,1,NULL,'12',4,'2021-09-24 17:56:49','2021-09-24 17:56:49'),(61,1,NULL,'12',4,'2021-09-24 17:56:49','2021-09-24 17:56:49'),(62,1,NULL,'12',4,'2021-09-24 17:56:49','2021-09-24 17:56:49'),(63,1,NULL,'12',4,'2021-09-24 17:56:49','2021-09-24 17:56:49'),(64,1,NULL,'12',4,'2021-09-24 17:56:49','2021-09-24 17:56:49'),(65,1,NULL,'12',4,'2021-09-24 17:56:49','2021-09-24 17:56:49'),(66,1,NULL,'12',4,'2021-09-24 17:56:49','2021-09-24 17:56:49'),(67,1,NULL,'12',4,'2021-09-24 17:56:49','2021-09-24 17:56:49'),(68,1,NULL,'12',4,'2021-09-24 17:56:49','2021-09-24 17:56:49'),(69,3,NULL,'12',4,'2021-09-24 17:56:49','2021-09-24 17:56:49'),(70,3,NULL,'12',4,'2021-09-24 17:56:49','2021-09-24 17:56:49'),(71,1,NULL,'12',4,'2021-09-24 17:56:49','2021-09-24 17:56:49'),(72,1,NULL,'12',4,'2021-09-24 17:56:49','2021-09-24 17:56:49'),(73,1,NULL,'12',4,'2021-09-24 17:56:49','2021-09-24 17:56:49'),(74,1,NULL,'12',4,'2021-09-24 17:56:49','2021-09-24 17:56:49'),(75,1,NULL,'12',4,'2021-09-24 17:56:49','2021-09-24 17:56:49'),(76,1,NULL,'12',4,'2021-09-24 17:56:49','2021-09-24 17:56:49'),(77,1,NULL,'12',4,'2021-09-24 17:56:49','2021-09-24 17:56:49'),(78,3,NULL,'12',4,'2021-09-24 17:56:49','2021-09-24 17:56:49'),(79,3,NULL,'12',4,'2021-09-24 17:56:49','2021-09-24 17:56:49'),(80,1,NULL,'12',4,'2021-09-24 17:56:49','2021-09-24 17:56:49'),(81,1,NULL,'12',4,'2021-09-24 17:56:49','2021-09-24 17:56:49'),(82,1,NULL,'12',4,'2021-09-24 17:56:49','2021-09-24 17:56:49'),(83,1,NULL,'12',4,'2021-09-24 17:56:49','2021-09-24 17:56:49'),(84,1,NULL,'12',4,'2021-09-24 17:56:49','2021-09-24 17:56:49'),(85,1,NULL,'12',4,'2021-09-24 17:56:49','2021-09-24 17:56:49'),(86,1,NULL,'12',4,'2021-09-24 17:56:49','2021-09-24 17:56:49'),(87,1,NULL,'12',4,'2021-09-24 17:56:49','2021-09-24 17:56:49'),(88,1,NULL,'12',4,'2021-09-24 17:56:49','2021-09-24 17:56:49'),(89,3,NULL,'12',4,'2021-09-24 17:56:49','2021-09-24 17:56:49'),(90,2,NULL,'12',4,'2021-09-24 17:56:49','2021-09-24 17:56:49'),(91,2,NULL,'12',4,'2021-09-24 17:56:49','2021-09-24 17:56:49'),(92,2,NULL,'12',4,'2021-09-24 17:56:49','2021-09-24 17:56:49'),(93,2,NULL,'12',4,'2021-09-24 17:56:49','2021-09-24 17:56:49'),(94,2,NULL,'12',4,'2021-09-24 17:56:49','2021-09-24 17:56:49'),(95,2,NULL,'12',4,'2021-09-24 17:56:49','2021-09-24 17:56:49'),(96,2,NULL,'12',4,'2021-09-24 17:56:49','2021-09-24 17:56:49'),(97,2,NULL,'12',4,'2021-09-24 17:56:49','2021-09-24 17:56:49'),(98,2,NULL,'12',4,'2021-09-24 17:56:49','2021-09-24 17:56:49'),(99,2,NULL,'12',4,'2021-09-24 17:56:49','2021-09-24 17:56:49'),(100,2,NULL,'12',4,'2021-09-24 17:56:49','2021-09-24 17:56:49'),(101,3,NULL,'12',4,'2021-09-24 17:56:49','2021-09-24 17:56:49'),(102,1,NULL,'12',4,'2021-09-24 17:56:49','2021-09-24 17:56:49'),(103,1,NULL,'12',4,'2021-09-24 17:56:49','2021-09-24 17:56:49'),(104,1,NULL,'12',4,'2021-09-24 17:56:49','2021-09-24 17:56:49'),(105,1,NULL,'12',4,'2021-09-24 17:56:49','2021-09-24 17:56:49'),(106,1,NULL,'12',4,'2021-09-24 17:56:49','2021-09-24 17:56:49'),(107,1,NULL,'12',4,'2021-09-24 17:56:49','2021-09-24 17:56:49'),(108,1,NULL,'12',4,'2021-09-24 17:56:49','2021-09-24 17:56:49'),(109,3,NULL,'12',4,'2021-09-24 17:56:49','2021-09-24 17:56:49'),(110,2,NULL,'12',4,'2021-09-24 17:56:49','2021-09-24 17:56:49'),(111,2,NULL,'12',4,'2021-09-24 17:56:49','2021-09-24 17:56:49'),(112,2,NULL,'12',4,'2021-09-24 17:56:49','2021-09-24 17:56:49'),(113,2,NULL,'12',4,'2021-09-24 17:56:49','2021-09-24 17:56:49'),(114,3,NULL,'12',4,'2021-09-24 17:56:49','2021-09-24 17:56:49'),(115,3,NULL,'12',4,'2021-09-24 17:56:49','2021-09-24 17:56:49'),(116,2,NULL,'12',4,'2021-09-24 17:56:49','2021-09-24 17:56:49'),(117,3,NULL,'12',4,'2021-09-24 17:56:49','2021-09-24 17:56:49'),(118,3,NULL,'12',4,'2021-09-24 17:56:49','2021-09-24 17:56:49'),(119,2,NULL,'12',4,'2021-09-24 17:56:49','2021-09-24 17:56:49'),(120,2,NULL,'12',4,'2021-09-24 17:56:49','2021-09-24 17:56:49'),(121,2,NULL,'12',4,'2021-09-24 17:56:49','2021-09-24 17:56:49'),(122,2,NULL,'12',4,'2021-09-24 17:56:49','2021-09-24 17:56:49'),(123,3,NULL,'12',4,'2021-09-24 17:56:49','2021-09-24 17:56:49'),(124,1,NULL,'12',4,'2021-09-24 17:56:49','2021-09-24 17:56:49'),(125,1,NULL,'12',4,'2021-09-24 17:56:49','2021-09-24 17:56:49'),(126,1,NULL,'12',4,'2021-09-24 17:56:49','2021-09-24 17:56:49'),(127,1,NULL,'12',4,'2021-09-24 17:56:49','2021-09-24 17:56:49'),(128,1,NULL,'12',4,'2021-09-24 17:56:49','2021-09-24 17:56:49'),(129,1,NULL,'12',4,'2021-09-24 17:56:49','2021-09-24 17:56:49'),(130,3,NULL,'12',4,'2021-09-24 17:56:49','2021-09-24 17:56:49'),(131,2,NULL,'12',4,'2021-09-24 17:56:49','2021-09-24 17:56:49'),(132,2,NULL,'12',4,'2021-09-24 17:56:49','2021-09-24 17:56:49'),(133,2,NULL,'12',4,'2021-09-24 17:56:49','2021-09-24 17:56:49'),(134,2,NULL,'12',4,'2021-09-24 17:56:49','2021-09-24 17:56:49'),(135,2,NULL,'12',4,'2021-09-24 17:56:49','2021-09-24 17:56:49'),(136,2,NULL,'12',4,'2021-09-24 17:56:49','2021-09-24 17:56:49'),(137,2,NULL,'12',4,'2021-09-24 17:56:49','2021-09-24 17:56:49'),(138,2,NULL,'12',4,'2021-09-24 17:56:49','2021-09-24 17:56:49'),(139,2,NULL,'12',4,'2021-09-24 17:56:49','2021-09-24 17:56:49'),(140,2,NULL,'12',4,'2021-09-24 17:56:49','2021-09-24 17:56:49'),(141,2,NULL,'12',4,'2021-09-24 17:56:49','2021-09-24 17:56:49'),(142,2,NULL,'12',4,'2021-09-24 17:56:49','2021-09-24 17:56:49'),(143,2,NULL,'12',4,'2021-09-24 17:56:49','2021-09-24 17:56:49'),(144,3,NULL,'12',4,'2021-09-24 17:56:49','2021-09-24 17:56:49'),(145,1,NULL,'12',4,'2021-09-24 17:56:49','2021-09-24 17:56:49'),(146,1,NULL,'12',4,'2021-09-24 17:56:49','2021-09-24 17:56:49'),(147,1,NULL,'12',4,'2021-09-24 17:56:49','2021-09-24 17:56:49'),(148,1,NULL,'12',4,'2021-09-24 17:56:49','2021-09-24 17:56:49'),(149,1,NULL,'12',4,'2021-09-24 17:56:49','2021-09-24 17:56:49'),(150,1,NULL,'12',4,'2021-09-24 17:56:49','2021-09-24 17:56:49'),(151,1,NULL,'12',4,'2021-09-24 17:56:49','2021-09-24 17:56:49'),(152,2,NULL,'12',4,'2021-09-24 17:56:49','2021-09-24 17:56:49'),(153,2,NULL,'12',4,'2021-09-24 17:56:49','2021-09-24 17:56:49'),(154,2,NULL,'12',4,'2021-09-24 17:56:49','2021-09-24 17:56:49'),(155,3,NULL,'12',4,'2021-09-24 17:56:49','2021-09-24 17:56:49'),(156,3,NULL,'12',4,'2021-09-24 17:56:49','2021-09-24 17:56:49'),(157,3,NULL,'12',4,'2021-09-24 17:56:49','2021-09-24 17:56:49'),(158,3,NULL,'12',4,'2021-09-24 17:56:49','2021-09-24 17:56:49'),(159,3,NULL,'12',4,'2021-09-24 17:56:49','2021-09-24 18:21:35'),(160,3,NULL,'12',4,'2021-09-24 17:56:49','2021-09-24 17:56:49'),(161,3,NULL,'12',4,'2021-09-24 17:56:49','2021-09-24 17:56:49'),(162,2,NULL,'12',4,'2021-09-24 17:56:49','2021-09-24 17:56:49'),(163,2,NULL,'12',4,'2021-09-24 17:56:49','2021-09-24 17:56:49'),(164,2,NULL,'12',4,'2021-09-24 17:56:49','2021-09-24 17:56:49'),(165,1,NULL,'12',4,'2021-09-24 17:56:49','2021-09-24 17:56:49'),(166,1,NULL,'12',4,'2021-09-24 17:56:49','2021-09-24 17:56:49'),(167,1,NULL,'12',4,'2021-09-24 17:56:49','2021-09-24 17:56:49'),(168,1,NULL,'12',4,'2021-09-24 17:56:49','2021-09-24 17:56:49'),(169,1,NULL,'12',4,'2021-09-24 17:56:49','2021-09-24 17:56:49'),(170,1,NULL,'12',4,'2021-09-24 17:56:49','2021-09-24 17:56:49'),(171,1,NULL,'12',4,'2021-09-24 17:56:49','2021-09-24 17:56:49'),(172,1,NULL,'12',4,'2021-09-24 17:56:49','2021-09-24 17:56:49'),(173,2,NULL,'12',4,'2021-09-24 17:56:49','2021-09-24 17:56:49'),(174,3,NULL,'12',4,'2021-09-24 17:56:49','2021-09-24 17:56:49'),(175,2,NULL,'12',4,'2021-09-24 17:56:49','2021-09-24 17:56:49'),(176,3,NULL,'12',4,'2021-09-24 17:56:49','2021-09-24 17:56:49'),(177,4,NULL,'12',4,'2021-09-24 17:56:49','2021-09-24 17:56:49'),(178,4,NULL,'12',4,'2021-09-24 17:56:49','2021-09-24 17:56:49'),(179,4,NULL,'12',4,'2021-09-24 17:56:49','2021-09-24 17:56:49'),(180,4,NULL,'12',4,'2021-09-24 17:56:49','2021-09-24 17:56:49'),(181,4,NULL,'12',4,'2021-09-24 17:56:49','2021-09-24 17:56:49'),(182,3,NULL,'12',4,'2021-09-24 17:56:49','2021-09-24 17:56:49'),(183,2,NULL,'12',4,'2021-09-24 17:56:49','2021-09-24 17:56:49'),(184,3,NULL,'12',4,'2021-09-24 17:56:49','2021-09-24 17:56:49'),(185,2,NULL,'12',4,'2021-09-24 17:56:49','2021-09-24 17:56:49'),(186,1,NULL,'12',4,'2021-09-24 17:56:49','2021-09-24 17:56:49'),(187,1,NULL,'12',4,'2021-09-24 17:56:49','2021-09-24 17:56:49'),(188,1,NULL,'12',4,'2021-09-24 17:56:49','2021-09-24 17:56:49'),(189,1,NULL,'12',4,'2021-09-24 17:56:49','2021-09-24 17:56:49'),(190,1,NULL,'12',4,'2021-09-24 17:56:49','2021-09-24 17:56:49'),(191,1,NULL,'12',4,'2021-09-24 17:56:49','2021-09-24 17:56:49'),(192,1,NULL,'12',4,'2021-09-24 17:56:49','2021-09-24 17:56:49'),(193,1,NULL,'12',4,'2021-09-24 17:56:49','2021-09-24 17:56:49'),(194,2,NULL,'12',4,'2021-09-24 17:56:49','2021-09-24 17:56:49'),(195,3,NULL,'12',4,'2021-09-24 17:56:49','2021-09-24 17:56:49'),(196,2,NULL,'12',4,'2021-09-24 17:56:49','2021-09-24 17:56:49'),(197,3,NULL,'12',4,'2021-09-24 17:56:49','2021-09-24 17:56:49'),(198,4,NULL,'12',4,'2021-09-24 17:56:49','2021-09-24 17:56:49'),(199,4,NULL,'12',4,'2021-09-24 17:56:49','2021-09-24 17:56:49'),(200,5,NULL,'12',4,'2021-09-24 17:56:49','2021-09-24 18:28:05'),(201,4,NULL,'12',4,'2021-09-24 17:56:49','2021-09-24 17:56:49'),(202,4,NULL,'12',4,'2021-09-24 17:56:49','2021-09-24 17:56:49'),(203,3,NULL,'12',4,'2021-09-24 17:56:49','2021-09-24 17:56:49'),(204,2,NULL,'12',4,'2021-09-24 17:56:49','2021-09-24 17:56:49'),(205,3,NULL,'12',4,'2021-09-24 17:56:49','2021-09-24 17:56:49'),(206,2,NULL,'12',4,'2021-09-24 17:56:49','2021-09-24 17:56:49'),(207,1,NULL,'12',4,'2021-09-24 17:56:49','2021-09-24 17:56:49'),(208,1,NULL,'12',4,'2021-09-24 17:56:49','2021-09-24 17:56:49'),(209,1,NULL,'12',4,'2021-09-24 17:56:49','2021-09-24 17:56:49'),(210,1,NULL,'12',4,'2021-09-24 17:56:49','2021-09-24 17:56:49'),(211,1,NULL,'12',4,'2021-09-24 17:56:49','2021-09-24 17:56:49'),(212,1,NULL,'12',4,'2021-09-24 17:56:49','2021-09-24 17:56:49'),(213,1,NULL,'12',4,'2021-09-24 17:56:49','2021-09-24 17:56:49'),(214,1,NULL,'12',4,'2021-09-24 17:56:49','2021-09-24 17:56:49'),(215,2,NULL,'12',4,'2021-09-24 17:56:49','2021-09-24 17:56:49'),(216,2,NULL,'12',4,'2021-09-24 17:56:49','2021-09-24 17:56:49'),(217,2,NULL,'12',4,'2021-09-24 17:56:49','2021-09-24 17:56:49'),(218,3,NULL,'12',4,'2021-09-24 17:56:49','2021-09-24 17:56:49'),(219,4,NULL,'12',4,'2021-09-24 17:56:49','2021-09-24 17:56:49'),(220,5,NULL,'12',4,'2021-09-24 17:56:49','2021-09-24 18:28:05'),(221,5,NULL,'12',4,'2021-09-24 17:56:49','2021-09-24 18:28:05'),(222,5,NULL,'12',4,'2021-09-24 17:56:49','2021-09-24 18:28:05'),(223,4,NULL,'12',4,'2021-09-24 17:56:49','2021-09-24 17:56:49'),(224,3,NULL,'12',4,'2021-09-24 17:56:49','2021-09-24 17:56:49'),(225,2,NULL,'12',4,'2021-09-24 17:56:49','2021-09-24 17:56:49'),(226,2,NULL,'12',4,'2021-09-24 17:56:49','2021-09-24 17:56:49'),(227,2,NULL,'12',4,'2021-09-24 17:56:49','2021-09-24 17:56:49'),(228,1,NULL,'12',4,'2021-09-24 17:56:49','2021-09-24 17:56:49'),(229,1,NULL,'12',4,'2021-09-24 17:56:49','2021-09-24 17:56:49'),(230,1,NULL,'12',4,'2021-09-24 17:56:49','2021-09-24 17:56:49'),(231,1,NULL,'12',4,'2021-09-24 17:56:49','2021-09-24 17:56:49'),(232,1,NULL,'12',4,'2021-09-24 17:56:49','2021-09-24 17:56:49'),(233,1,NULL,'12',4,'2021-09-24 17:56:49','2021-09-24 17:56:49'),(234,1,NULL,'12',4,'2021-09-24 17:56:49','2021-09-24 17:56:49'),(235,1,NULL,'12',4,'2021-09-24 17:56:49','2021-09-24 17:56:49'),(236,2,NULL,'12',4,'2021-09-24 17:56:49','2021-09-24 17:56:49'),(237,3,NULL,'12',4,'2021-09-24 17:56:49','2021-09-24 17:56:49'),(238,2,NULL,'12',4,'2021-09-24 17:56:49','2021-09-24 17:56:49'),(239,3,NULL,'12',4,'2021-09-24 17:56:49','2021-09-24 17:56:49'),(240,4,NULL,'12',4,'2021-09-24 17:56:49','2021-09-24 17:56:49'),(241,4,NULL,'12',4,'2021-09-24 17:56:49','2021-09-24 17:56:49'),(242,5,NULL,'12',4,'2021-09-24 17:56:49','2021-09-24 18:28:05'),(243,4,NULL,'12',4,'2021-09-24 17:56:49','2021-09-24 17:56:49'),(244,4,NULL,'12',4,'2021-09-24 17:56:49','2021-09-24 17:56:49'),(245,3,NULL,'12',4,'2021-09-24 17:56:49','2021-09-24 17:56:49'),(246,2,NULL,'12',4,'2021-09-24 17:56:49','2021-09-24 17:56:49'),(247,3,NULL,'12',4,'2021-09-24 17:56:49','2021-09-24 17:56:49'),(248,2,NULL,'12',4,'2021-09-24 17:56:49','2021-09-24 17:56:49'),(249,1,NULL,'12',4,'2021-09-24 17:56:49','2021-09-24 17:56:49'),(250,1,NULL,'12',4,'2021-09-24 17:56:49','2021-09-24 17:56:49'),(251,1,NULL,'12',4,'2021-09-24 17:56:49','2021-09-24 17:56:49'),(252,1,NULL,'12',4,'2021-09-24 17:56:49','2021-09-24 17:56:49'),(253,1,NULL,'12',4,'2021-09-24 17:56:49','2021-09-24 17:56:49'),(254,1,NULL,'12',4,'2021-09-24 17:56:49','2021-09-24 17:56:49'),(255,1,NULL,'12',4,'2021-09-24 17:56:49','2021-09-24 17:56:49'),(256,1,NULL,'12',4,'2021-09-24 17:56:49','2021-09-24 17:56:49'),(257,2,NULL,'12',4,'2021-09-24 17:56:49','2021-09-24 17:56:49'),(258,3,NULL,'12',4,'2021-09-24 17:56:49','2021-09-24 17:56:49'),(259,2,NULL,'12',4,'2021-09-24 17:56:49','2021-09-24 17:56:49'),(260,3,NULL,'12',4,'2021-09-24 17:56:49','2021-09-24 17:56:49'),(261,4,NULL,'12',4,'2021-09-24 17:56:49','2021-09-24 17:56:49'),(262,4,NULL,'12',4,'2021-09-24 17:56:49','2021-09-24 17:56:49'),(263,4,NULL,'12',4,'2021-09-24 17:56:49','2021-09-24 17:56:49'),(264,4,NULL,'12',4,'2021-09-24 17:56:49','2021-09-24 17:56:49'),(265,4,NULL,'12',4,'2021-09-24 17:56:49','2021-09-24 17:56:49'),(266,3,NULL,'12',4,'2021-09-24 17:56:49','2021-09-24 17:56:49'),(267,2,NULL,'12',4,'2021-09-24 17:56:49','2021-09-24 17:56:49'),(268,3,NULL,'12',4,'2021-09-24 17:56:49','2021-09-24 17:56:49'),(269,2,NULL,'12',4,'2021-09-24 17:56:49','2021-09-24 17:56:49'),(270,1,NULL,'12',4,'2021-09-24 17:56:49','2021-09-24 17:56:49'),(271,1,NULL,'12',4,'2021-09-24 17:56:49','2021-09-24 17:56:49'),(272,1,NULL,'12',4,'2021-09-24 17:56:49','2021-09-24 17:56:49'),(273,1,NULL,'12',4,'2021-09-24 17:56:49','2021-09-24 17:56:49'),(274,1,NULL,'12',4,'2021-09-24 17:56:49','2021-09-24 17:56:49'),(275,1,NULL,'12',4,'2021-09-24 17:56:49','2021-09-24 17:56:49'),(276,1,NULL,'12',4,'2021-09-24 17:56:49','2021-09-24 17:56:49'),(277,1,NULL,'12',4,'2021-09-24 17:56:49','2021-09-24 17:56:49'),(278,2,NULL,'12',4,'2021-09-24 17:56:49','2021-09-24 17:56:49'),(279,2,NULL,'12',4,'2021-09-24 17:56:49','2021-09-24 17:56:49'),(280,2,NULL,'12',4,'2021-09-24 17:56:49','2021-09-24 17:56:49'),(281,3,NULL,'12',4,'2021-09-24 17:56:49','2021-09-24 17:56:49'),(282,3,NULL,'12',4,'2021-09-24 17:56:49','2021-09-24 17:56:49'),(283,3,NULL,'12',4,'2021-09-24 17:56:49','2021-09-24 17:56:49'),(284,3,NULL,'12',4,'2021-09-24 17:56:49','2021-09-24 17:56:49'),(285,3,NULL,'12',4,'2021-09-24 17:56:49','2021-09-24 17:56:49'),(286,3,NULL,'12',4,'2021-09-24 17:56:49','2021-09-24 17:56:49'),(287,3,NULL,'12',4,'2021-09-24 17:56:49','2021-09-24 17:56:49'),(288,2,NULL,'12',4,'2021-09-24 17:56:49','2021-09-24 17:56:49'),(289,2,NULL,'12',4,'2021-09-24 17:56:49','2021-09-24 17:56:49'),(290,2,NULL,'12',4,'2021-09-24 17:56:49','2021-09-24 17:56:49'),(291,1,NULL,'12',4,'2021-09-24 17:56:49','2021-09-24 17:56:49'),(292,1,NULL,'12',4,'2021-09-24 17:56:49','2021-09-24 17:56:49'),(293,1,NULL,'12',4,'2021-09-24 17:56:49','2021-09-24 17:56:49'),(294,1,NULL,'12',4,'2021-09-24 17:56:49','2021-09-24 17:56:49'),(295,1,NULL,'12',4,'2021-09-24 17:56:49','2021-09-24 17:56:49'),(296,1,NULL,'12',4,'2021-09-24 17:56:49','2021-09-24 17:56:49'),(297,1,NULL,'12',4,'2021-09-24 17:56:49','2021-09-24 17:56:49'),(298,3,NULL,'12',4,'2021-09-24 17:56:49','2021-09-24 17:56:49'),(299,2,NULL,'12',4,'2021-09-24 17:56:49','2021-09-24 17:56:49'),(300,2,NULL,'12',4,'2021-09-24 17:56:49','2021-09-24 17:56:49'),(301,2,NULL,'12',4,'2021-09-24 17:56:49','2021-09-24 17:56:49'),(302,2,NULL,'12',4,'2021-09-24 17:56:49','2021-09-24 17:56:49'),(303,2,NULL,'12',4,'2021-09-24 17:56:49','2021-09-24 17:56:49'),(304,2,NULL,'12',4,'2021-09-24 17:56:49','2021-09-24 17:56:49'),(305,2,NULL,'12',4,'2021-09-24 17:56:49','2021-09-24 17:56:49'),(306,2,NULL,'12',4,'2021-09-24 17:56:49','2021-09-24 17:56:49'),(307,2,NULL,'12',4,'2021-09-24 17:56:49','2021-09-24 17:56:49'),(308,2,NULL,'12',4,'2021-09-24 17:56:49','2021-09-24 17:56:49'),(309,2,NULL,'12',4,'2021-09-24 17:56:49','2021-09-24 17:56:49'),(310,2,NULL,'12',4,'2021-09-24 17:56:49','2021-09-24 17:56:49'),(311,2,NULL,'12',4,'2021-09-24 17:56:49','2021-09-24 17:56:49'),(312,3,NULL,'12',4,'2021-09-24 17:56:49','2021-09-24 17:56:49'),(313,1,NULL,'12',4,'2021-09-24 17:56:49','2021-09-24 17:56:49'),(314,1,NULL,'12',4,'2021-09-24 17:56:49','2021-09-24 17:56:49'),(315,1,NULL,'12',4,'2021-09-24 17:56:49','2021-09-24 17:56:49'),(316,1,NULL,'12',4,'2021-09-24 17:56:49','2021-09-24 17:56:49'),(317,1,NULL,'12',4,'2021-09-24 17:56:49','2021-09-24 17:56:49'),(318,1,NULL,'12',4,'2021-09-24 17:56:49','2021-09-24 17:56:49'),(319,3,NULL,'12',4,'2021-09-24 17:56:49','2021-09-24 17:56:49'),(320,2,NULL,'12',4,'2021-09-24 17:56:49','2021-09-24 17:56:49'),(321,2,NULL,'12',4,'2021-09-24 17:56:49','2021-09-24 17:56:49'),(322,2,NULL,'12',4,'2021-09-24 17:56:49','2021-09-24 17:56:49'),(323,2,NULL,'12',4,'2021-09-24 17:56:49','2021-09-24 17:56:49'),(324,3,NULL,'12',4,'2021-09-24 17:56:49','2021-09-24 17:56:49'),(325,3,NULL,'12',4,'2021-09-24 17:56:49','2021-09-24 17:56:49'),(326,2,NULL,'12',4,'2021-09-24 17:56:49','2021-09-24 17:56:49'),(327,3,NULL,'12',4,'2021-09-24 17:56:49','2021-09-24 17:56:49'),(328,3,NULL,'12',4,'2021-09-24 17:56:49','2021-09-24 17:56:49'),(329,2,NULL,'12',4,'2021-09-24 17:56:49','2021-09-24 17:56:49'),(330,2,NULL,'12',4,'2021-09-24 17:56:49','2021-09-24 17:56:49'),(331,2,NULL,'12',4,'2021-09-24 17:56:49','2021-09-24 17:56:49'),(332,2,NULL,'12',4,'2021-09-24 17:56:49','2021-09-24 17:56:49'),(333,3,NULL,'12',4,'2021-09-24 17:56:49','2021-09-24 17:56:49'),(334,1,NULL,'12',4,'2021-09-24 17:56:49','2021-09-24 17:56:49'),(335,1,NULL,'12',4,'2021-09-24 17:56:49','2021-09-24 17:56:49'),(336,1,NULL,'12',4,'2021-09-24 17:56:49','2021-09-24 17:56:49'),(337,1,NULL,'12',4,'2021-09-24 17:56:49','2021-09-24 17:56:49'),(338,1,NULL,'12',4,'2021-09-24 17:56:49','2021-09-24 17:56:49'),(339,1,NULL,'12',4,'2021-09-24 17:56:49','2021-09-24 17:56:49'),(340,1,NULL,'12',4,'2021-09-24 17:56:49','2021-09-24 17:56:49'),(341,3,NULL,'12',4,'2021-09-24 17:56:49','2021-09-24 17:56:49'),(342,2,NULL,'12',4,'2021-09-24 17:56:49','2021-09-24 17:56:49'),(343,2,NULL,'12',4,'2021-09-24 17:56:49','2021-09-24 17:56:49'),(344,2,NULL,'12',4,'2021-09-24 17:56:49','2021-09-24 17:56:49'),(345,2,NULL,'12',4,'2021-09-24 17:56:49','2021-09-24 17:56:49'),(346,2,NULL,'12',4,'2021-09-24 17:56:49','2021-09-24 17:56:49'),(347,2,NULL,'12',4,'2021-09-24 17:56:49','2021-09-24 17:56:49'),(348,2,NULL,'12',4,'2021-09-24 17:56:49','2021-09-24 17:56:49'),(349,2,NULL,'12',4,'2021-09-24 17:56:49','2021-09-24 17:56:49'),(350,2,NULL,'12',4,'2021-09-24 17:56:49','2021-09-24 17:56:49'),(351,2,NULL,'12',4,'2021-09-24 17:56:49','2021-09-24 17:56:49'),(352,2,NULL,'12',4,'2021-09-24 17:56:49','2021-09-24 17:56:49'),(353,3,NULL,'12',4,'2021-09-24 17:56:49','2021-09-24 17:56:49'),(354,1,NULL,'12',4,'2021-09-24 17:56:49','2021-09-24 17:56:49'),(355,1,NULL,'12',4,'2021-09-24 17:56:49','2021-09-24 17:56:49'),(356,1,NULL,'12',4,'2021-09-24 17:56:49','2021-09-24 17:56:49'),(357,1,NULL,'12',4,'2021-09-24 17:56:49','2021-09-24 17:56:49'),(358,1,NULL,'12',4,'2021-09-24 17:56:49','2021-09-24 17:56:49'),(359,1,NULL,'12',4,'2021-09-24 17:56:49','2021-09-24 17:56:49'),(360,1,NULL,'12',4,'2021-09-24 17:56:49','2021-09-24 17:56:49'),(361,1,NULL,'12',4,'2021-09-24 17:56:49','2021-09-24 17:56:49'),(362,1,NULL,'12',4,'2021-09-24 17:56:49','2021-09-24 17:56:49'),(363,3,NULL,'12',4,'2021-09-24 17:56:49','2021-09-24 17:56:49'),(364,3,NULL,'12',4,'2021-09-24 17:56:49','2021-09-24 17:56:49'),(365,1,NULL,'12',4,'2021-09-24 17:56:49','2021-09-24 17:56:49'),(366,1,NULL,'12',4,'2021-09-24 17:56:49','2021-09-24 17:56:49'),(367,1,NULL,'12',4,'2021-09-24 17:56:49','2021-09-24 17:56:49'),(368,1,NULL,'12',4,'2021-09-24 17:56:49','2021-09-24 17:56:49'),(369,1,NULL,'12',4,'2021-09-24 17:56:49','2021-09-24 17:56:49'),(370,1,NULL,'12',4,'2021-09-24 17:56:49','2021-09-24 17:56:49'),(371,1,NULL,'12',4,'2021-09-24 17:56:49','2021-09-24 17:56:49'),(372,3,NULL,'12',4,'2021-09-24 17:56:49','2021-09-24 17:56:49'),(373,3,NULL,'12',4,'2021-09-24 17:56:49','2021-09-24 17:56:49'),(374,1,NULL,'12',4,'2021-09-24 17:56:49','2021-09-24 17:56:49'),(375,1,NULL,'12',4,'2021-09-24 17:56:49','2021-09-24 17:56:49'),(376,1,NULL,'12',4,'2021-09-24 17:56:49','2021-09-24 17:56:49'),(377,1,NULL,'12',4,'2021-09-24 17:56:49','2021-09-24 17:56:49'),(378,1,NULL,'12',4,'2021-09-24 17:56:49','2021-09-24 17:56:49'),(379,1,NULL,'12',4,'2021-09-24 17:56:49','2021-09-24 17:56:49'),(380,1,NULL,'12',4,'2021-09-24 17:56:49','2021-09-24 17:56:49'),(381,1,NULL,'12',4,'2021-09-24 17:56:49','2021-09-24 17:56:49'),(382,1,NULL,'12',4,'2021-09-24 17:56:49','2021-09-24 17:56:49'),(383,1,NULL,'12',4,'2021-09-24 17:56:49','2021-09-24 17:56:49'),(384,1,NULL,'12',4,'2021-09-24 17:56:49','2021-09-24 17:56:49'),(385,1,NULL,'12',4,'2021-09-24 17:56:49','2021-09-24 17:56:49'),(386,1,NULL,'12',4,'2021-09-24 17:56:49','2021-09-24 17:56:49'),(387,1,NULL,'12',4,'2021-09-24 17:56:49','2021-09-24 17:56:49'),(388,1,NULL,'12',4,'2021-09-24 17:56:49','2021-09-24 17:56:49'),(389,1,NULL,'12',4,'2021-09-24 17:56:49','2021-09-24 17:56:49'),(390,1,NULL,'12',4,'2021-09-24 17:56:49','2021-09-24 17:56:49'),(391,1,NULL,'12',4,'2021-09-24 17:56:49','2021-09-24 17:56:49'),(392,1,NULL,'12',4,'2021-09-24 17:56:49','2021-09-24 17:56:49'),(393,1,NULL,'12',4,'2021-09-24 17:56:49','2021-09-24 17:56:49'),(394,1,NULL,'12',4,'2021-09-24 17:56:49','2021-09-24 17:56:49'),(395,1,NULL,'12',4,'2021-09-24 17:56:49','2021-09-24 17:56:49'),(396,1,NULL,'12',4,'2021-09-24 17:56:49','2021-09-24 17:56:49'),(397,1,NULL,'12',4,'2021-09-24 17:56:49','2021-09-24 17:56:49'),(398,1,NULL,'12',4,'2021-09-24 17:56:49','2021-09-24 17:56:49'),(399,1,NULL,'12',4,'2021-09-24 17:56:49','2021-09-24 17:56:49'),(400,1,NULL,'12',4,'2021-09-24 17:56:49','2021-09-24 17:56:49'),(401,1,NULL,'12',4,'2021-09-24 17:56:49','2021-09-24 17:56:49'),(402,1,NULL,'12',4,'2021-09-24 17:56:49','2021-09-24 17:56:49'),(403,1,NULL,'12',4,'2021-09-24 17:56:49','2021-09-24 17:56:49'),(404,1,NULL,'12',4,'2021-09-24 17:56:49','2021-09-24 17:56:49'),(405,1,NULL,'12',4,'2021-09-24 17:56:49','2021-09-24 17:56:49'),(406,1,NULL,'12',4,'2021-09-24 17:56:49','2021-09-24 17:56:49'),(407,1,NULL,'12',4,'2021-09-24 17:56:49','2021-09-24 17:56:49'),(408,1,NULL,'12',4,'2021-09-24 17:56:49','2021-09-24 17:56:49'),(409,1,NULL,'12',4,'2021-09-24 17:56:49','2021-09-24 17:56:49'),(410,1,NULL,'12',4,'2021-09-24 17:56:49','2021-09-24 17:56:49'),(411,1,NULL,'12',4,'2021-09-24 17:56:49','2021-09-24 17:56:49'),(412,1,NULL,'12',4,'2021-09-24 17:56:49','2021-09-24 17:56:49'),(413,1,NULL,'12',4,'2021-09-24 17:56:49','2021-09-24 17:56:49'),(414,1,NULL,'12',4,'2021-09-24 17:56:49','2021-09-24 17:56:49'),(415,1,NULL,'12',4,'2021-09-24 17:56:49','2021-09-24 17:56:49'),(416,1,NULL,'12',4,'2021-09-24 17:56:49','2021-09-24 17:56:49'),(417,1,NULL,'12',4,'2021-09-24 17:56:49','2021-09-24 17:56:49'),(418,1,NULL,'12',4,'2021-09-24 17:56:49','2021-09-24 17:56:49'),(419,1,NULL,'12',4,'2021-09-24 17:56:49','2021-09-24 17:56:49'),(420,1,NULL,'12',4,'2021-09-24 17:56:49','2021-09-24 17:56:49'),(421,1,NULL,'12',4,'2021-09-24 17:56:49','2021-09-24 17:56:49'),(422,1,NULL,'12',4,'2021-09-24 17:56:49','2021-09-24 17:56:49'),(423,1,NULL,'12',4,'2021-09-24 17:56:49','2021-09-24 17:56:49'),(424,1,NULL,'12',4,'2021-09-24 17:56:49','2021-09-24 17:56:49'),(425,1,NULL,'12',4,'2021-09-24 17:56:49','2021-09-24 17:56:49'),(426,1,NULL,'12',4,'2021-09-24 17:56:49','2021-09-24 17:56:49'),(427,1,NULL,'12',4,'2021-09-24 17:56:50','2021-09-24 17:56:50'),(428,1,NULL,'12',4,'2021-09-24 17:56:50','2021-09-24 17:56:50'),(429,1,NULL,'12',4,'2021-09-24 17:56:50','2021-09-24 17:56:50'),(430,1,NULL,'12',4,'2021-09-24 17:56:50','2021-09-24 17:56:50'),(431,1,NULL,'12',4,'2021-09-24 17:56:50','2021-09-24 17:56:50'),(432,1,NULL,'12',4,'2021-09-24 17:56:50','2021-09-24 17:56:50'),(433,1,NULL,'12',4,'2021-09-24 17:56:50','2021-09-24 17:56:50'),(434,1,NULL,'12',4,'2021-09-24 17:56:50','2021-09-24 17:56:50'),(435,1,NULL,'12',4,'2021-09-24 17:56:50','2021-09-24 17:56:50'),(436,1,NULL,'12',4,'2021-09-24 17:56:50','2021-09-24 17:56:50'),(437,1,NULL,'12',4,'2021-09-24 17:56:50','2021-09-24 17:56:50'),(438,1,NULL,'12',4,'2021-09-24 17:56:50','2021-09-24 17:56:50'),(439,1,NULL,'12',4,'2021-09-24 17:56:50','2021-09-24 17:56:50'),(440,1,NULL,'12',4,'2021-09-24 17:56:50','2021-09-24 17:56:50'),(441,1,NULL,'12',4,'2021-09-24 17:56:50','2021-09-24 17:56:50');
/*!40000 ALTER TABLE `land_list` ENABLE KEYS */;
UNLOCK TABLES;

--
-- Table structure for table `land_rarity`
--

DROP TABLE IF EXISTS `land_rarity`;
/*!40101 SET @saved_cs_client     = @@character_set_client */;
/*!40101 SET character_set_client = utf8 */;
CREATE TABLE `land_rarity` (
  `id` int(11) NOT NULL AUTO_INCREMENT,
  `name` varchar(45) NOT NULL,
  `description` text DEFAULT NULL,
  `created_at` datetime NOT NULL DEFAULT current_timestamp(),
  PRIMARY KEY (`id`)
) ENGINE=InnoDB AUTO_INCREMENT=10 DEFAULT CHARSET=utf8mb4;
/*!40101 SET character_set_client = @saved_cs_client */;

--
-- Dumping data for table `land_rarity`
--

LOCK TABLES `land_rarity` WRITE;
/*!40000 ALTER TABLE `land_rarity` DISABLE KEYS */;
INSERT INTO `land_rarity` VALUES (1,'common',NULL,'2021-09-24 18:24:00'),(2,'uncommon',NULL,'2021-09-24 18:24:00'),(3,'rare',NULL,'2021-09-24 18:24:00'),(4,'mythic',NULL,'2021-09-24 18:24:00'),(5,'center',NULL,'2021-09-24 18:24:00');
/*!40000 ALTER TABLE `land_rarity` ENABLE KEYS */;
UNLOCK TABLES;

--
-- Table structure for table `pet_list`
--

DROP TABLE IF EXISTS `pet_list`;
/*!40101 SET @saved_cs_client     = @@character_set_client */;
/*!40101 SET character_set_client = utf8 */;
CREATE TABLE `pet_list` (
  `id` int(11) NOT NULL AUTO_INCREMENT,
  `player_id` int(11) NOT NULL,
  `role_id` int(11) NOT NULL,
  `rarity_id` int(11) NOT NULL,
  `image` varchar(45) NOT NULL,
  `production` int(11) NOT NULL,
  `days` int(11) NOT NULL,
  `type` varchar(45) NOT NULL,
  `hp` varchar(45) NOT NULL,
  `attack` varchar(45) NOT NULL,
  `armor` varchar(45) NOT NULL,
  `speed` varchar(45) NOT NULL,
  `is_shop` tinyint(4) DEFAULT 0,
  `is_open` tinyint(4) NOT NULL DEFAULT 0,
  `open_at` datetime DEFAULT NULL,
  `created_at` datetime NOT NULL DEFAULT current_timestamp(),
  `updated_at` datetime NOT NULL DEFAULT current_timestamp() ON UPDATE current_timestamp(),
  PRIMARY KEY (`id`),
  KEY `fk_pet_player` (`player_id`),
  CONSTRAINT `fk_pet_player` FOREIGN KEY (`player_id`) REFERENCES `player_list` (`id`)
) ENGINE=InnoDB AUTO_INCREMENT=40 DEFAULT CHARSET=utf8mb4;
/*!40101 SET character_set_client = @saved_cs_client */;

--
-- Dumping data for table `pet_list`
--

LOCK TABLES `pet_list` WRITE;
/*!40000 ALTER TABLE `pet_list` DISABLE KEYS */;
INSERT INTO `pet_list` VALUES (25,56,1,1,'',8162,7,'','142','155','78','162',0,0,NULL,'2021-09-24 15:51:05','2021-09-24 15:51:05'),(26,56,1,1,'',8162,7,'','199','211','87','162',0,0,NULL,'2021-09-24 15:51:06','2021-09-24 15:51:06'),(27,56,4,1,'',8162,7,'','157','117','153','157',0,0,NULL,'2021-09-24 15:51:06','2021-09-24 15:51:06'),(28,56,4,1,'',8162,7,'','158','168','107','98',0,0,NULL,'2021-09-24 15:51:07','2021-09-24 15:51:07'),(29,56,2,2,'',8162,7,'','167','161','176','90',0,0,NULL,'2021-09-24 15:51:07','2021-09-24 15:51:07'),(30,56,4,2,'',8162,7,'','119','142','127','120',0,0,NULL,'2021-09-24 15:51:07','2021-09-24 15:51:07'),(31,56,3,1,'',8162,7,'','124','240','72','172',0,0,NULL,'2021-09-24 19:49:38','2021-09-24 19:49:38'),(32,56,3,1,'',8162,7,'','106','240','123','170',0,0,NULL,'2021-09-24 19:49:39','2021-09-24 19:49:39'),(33,56,4,1,'',8162,7,'','112','171','87','182',0,0,NULL,'2021-09-24 19:49:39','2021-09-24 19:49:39'),(34,55,2,2,'',8162,7,'','192','89','194','70',0,0,NULL,'2021-09-25 23:02:57','2021-09-25 23:02:57'),(35,55,1,2,'',8162,7,'','128','188','122','216',0,0,NULL,'2021-09-25 23:02:58','2021-09-25 23:02:58'),(36,55,4,2,'',8162,7,'','143','198','147','140',0,0,NULL,'2021-09-25 23:02:58','2021-09-25 23:02:58'),(37,55,4,1,'',8162,7,'','102','155','188','206',0,0,NULL,'2021-09-25 23:02:59','2021-09-25 23:02:59'),(38,55,3,4,'',8162,7,'','191','212','151','180',0,0,NULL,'2021-09-25 23:02:59','2021-09-25 23:02:59'),(39,55,2,1,'',8162,7,'','151','117','247','75',0,0,NULL,'2021-09-25 23:03:00','2021-09-25 23:03:00');
/*!40000 ALTER TABLE `pet_list` ENABLE KEYS */;
UNLOCK TABLES;

--
-- Table structure for table `pet_rarity`
--

DROP TABLE IF EXISTS `pet_rarity`;
/*!40101 SET @saved_cs_client     = @@character_set_client */;
/*!40101 SET character_set_client = utf8 */;
CREATE TABLE `pet_rarity` (
  `id` int(11) NOT NULL AUTO_INCREMENT,
  `name` varchar(45) NOT NULL,
  `description` text DEFAULT NULL,
  `created_at` datetime NOT NULL DEFAULT current_timestamp(),
  PRIMARY KEY (`id`)
) ENGINE=InnoDB AUTO_INCREMENT=5 DEFAULT CHARSET=utf8mb4;
/*!40101 SET character_set_client = @saved_cs_client */;

--
-- Dumping data for table `pet_rarity`
--

LOCK TABLES `pet_rarity` WRITE;
/*!40000 ALTER TABLE `pet_rarity` DISABLE KEYS */;
INSERT INTO `pet_rarity` VALUES (1,'common',NULL,'2021-09-24 00:53:40'),(2,'uncommon',NULL,'2021-09-24 00:53:40'),(3,'rare',NULL,'2021-09-24 00:53:40'),(4,'mythic',NULL,'2021-09-24 00:53:40');
/*!40000 ALTER TABLE `pet_rarity` ENABLE KEYS */;
UNLOCK TABLES;

--
-- Table structure for table `pet_role`
--

DROP TABLE IF EXISTS `pet_role`;
/*!40101 SET @saved_cs_client     = @@character_set_client */;
/*!40101 SET character_set_client = utf8 */;
CREATE TABLE `pet_role` (
  `id` int(11) NOT NULL AUTO_INCREMENT,
  `name` varchar(45) NOT NULL,
  `description` varchar(45) DEFAULT NULL,
  `created_at` datetime NOT NULL DEFAULT current_timestamp(),
  PRIMARY KEY (`id`)
) ENGINE=InnoDB AUTO_INCREMENT=5 DEFAULT CHARSET=utf8mb4;
/*!40101 SET character_set_client = @saved_cs_client */;

--
-- Dumping data for table `pet_role`
--

LOCK TABLES `pet_role` WRITE;
/*!40000 ALTER TABLE `pet_role` DISABLE KEYS */;
INSERT INTO `pet_role` VALUES (1,'assasin',NULL,'2021-09-24 00:53:09'),(2,'tank-suport',NULL,'2021-09-24 00:53:09'),(3,'marker',NULL,'2021-09-24 00:53:09'),(4,'fighter',NULL,'2021-09-24 00:53:09');
/*!40000 ALTER TABLE `pet_role` ENABLE KEYS */;
UNLOCK TABLES;

--
-- Table structure for table `player_ip`
--

DROP TABLE IF EXISTS `player_ip`;
/*!40101 SET @saved_cs_client     = @@character_set_client */;
/*!40101 SET character_set_client = utf8 */;
CREATE TABLE `player_ip` (
  `player_id` int(11) NOT NULL,
  `ip` varchar(64) NOT NULL,
  `operative_system` varchar(255) DEFAULT NULL,
  `explorer` varchar(255) DEFAULT NULL,
  `created_at` datetime DEFAULT NULL,
  PRIMARY KEY (`player_id`,`ip`),
  CONSTRAINT `fk_player_ip` FOREIGN KEY (`player_id`) REFERENCES `player_list` (`id`) ON DELETE NO ACTION ON UPDATE NO ACTION
) ENGINE=InnoDB DEFAULT CHARSET=utf8mb4;
/*!40101 SET character_set_client = @saved_cs_client */;

--
-- Dumping data for table `player_ip`
--

LOCK TABLES `player_ip` WRITE;
/*!40000 ALTER TABLE `player_ip` DISABLE KEYS */;
INSERT INTO `player_ip` VALUES (55,'::1',NULL,NULL,NULL),(56,'::1',NULL,NULL,NULL);
/*!40000 ALTER TABLE `player_ip` ENABLE KEYS */;
UNLOCK TABLES;

--
-- Table structure for table `player_list`
--

DROP TABLE IF EXISTS `player_list`;
/*!40101 SET @saved_cs_client     = @@character_set_client */;
/*!40101 SET character_set_client = utf8 */;
CREATE TABLE `player_list` (
  `id` int(11) NOT NULL AUTO_INCREMENT,
  `username` varchar(45) DEFAULT NULL,
  `email` varchar(64) DEFAULT NULL,
  `password` varchar(140) DEFAULT NULL,
  `metamask_address` varchar(64) DEFAULT NULL,
  `group` varchar(45) DEFAULT NULL,
  `coins` varchar(255) DEFAULT '0',
  `role` varchar(45) DEFAULT '1',
  `use_house` varchar(255) DEFAULT '0',
  `use_food` varchar(255) DEFAULT '0',
  `use_cress` varchar(255) DEFAULT '0',
  `login_at` datetime DEFAULT NULL,
  `created_at` datetime NOT NULL DEFAULT current_timestamp(),
  `updated_at` datetime NOT NULL DEFAULT current_timestamp() ON UPDATE current_timestamp(),
  PRIMARY KEY (`id`),
  UNIQUE KEY `email_UNIQUE` (`email`),
  UNIQUE KEY `wallet_metamask_UNIQUE` (`metamask_address`),
  UNIQUE KEY `username_UNIQUE` (`username`)
) ENGINE=InnoDB AUTO_INCREMENT=57 DEFAULT CHARSET=utf8mb4;
/*!40101 SET character_set_client = @saved_cs_client */;

--
-- Dumping data for table `player_list`
--

LOCK TABLES `player_list` WRITE;
/*!40000 ALTER TABLE `player_list` DISABLE KEYS */;
INSERT INTO `player_list` VALUES (55,NULL,NULL,NULL,'0x5fcc3620ded3c6fa89e6e0e2b203e3c8262e40a7',NULL,'0','1','0','0','0','2021-09-25 23:02:42','2021-09-24 10:09:41','2021-09-25 23:02:42'),(56,'test','test@test.com','$2a$10$kDymAaKzCwgKVIFJTY.LxO6YVsPu/so5tKfxuMD5KtiGEYfbl.kxC',NULL,NULL,'0','1','0','0','0','2021-09-24 10:26:36','2021-09-24 10:16:01','2021-09-24 10:26:36');
/*!40000 ALTER TABLE `player_list` ENABLE KEYS */;
UNLOCK TABLES;

--
-- Table structure for table `player_os`
--

DROP TABLE IF EXISTS `player_os`;
/*!40101 SET @saved_cs_client     = @@character_set_client */;
/*!40101 SET character_set_client = utf8 */;
CREATE TABLE `player_os` (
  `id` int(11) NOT NULL AUTO_INCREMENT,
  `player_id` int(11) DEFAULT NULL,
  `so` varchar(45) DEFAULT NULL,
  `browser` varchar(45) DEFAULT NULL,
  `created_at` datetime NOT NULL DEFAULT current_timestamp(),
  PRIMARY KEY (`id`)
) ENGINE=InnoDB DEFAULT CHARSET=utf8mb4;
/*!40101 SET character_set_client = @saved_cs_client */;

--
-- Dumping data for table `player_os`
--

LOCK TABLES `player_os` WRITE;
/*!40000 ALTER TABLE `player_os` DISABLE KEYS */;
/*!40000 ALTER TABLE `player_os` ENABLE KEYS */;
UNLOCK TABLES;

--
-- Table structure for table `player_resources`
--

DROP TABLE IF EXISTS `player_resources`;
/*!40101 SET @saved_cs_client     = @@character_set_client */;
/*!40101 SET character_set_client = utf8 */;
CREATE TABLE `player_resources` (
  `player_id` int(11) NOT NULL,
  `coins` int(11) NOT NULL DEFAULT 0,
  `house` int(11) NOT NULL DEFAULT 0,
  `food` int(11) NOT NULL DEFAULT 0,
  `cress` int(11) NOT NULL DEFAULT 0,
  `created_at` datetime NOT NULL DEFAULT current_timestamp(),
  `updated_at` datetime NOT NULL DEFAULT current_timestamp() ON UPDATE current_timestamp(),
  PRIMARY KEY (`player_id`)
) ENGINE=InnoDB DEFAULT CHARSET=utf8mb4;
/*!40101 SET character_set_client = @saved_cs_client */;

--
-- Dumping data for table `player_resources`
--

LOCK TABLES `player_resources` WRITE;
/*!40000 ALTER TABLE `player_resources` DISABLE KEYS */;
INSERT INTO `player_resources` VALUES (55,1,1,10,10,'2021-09-24 13:37:36','2021-09-24 13:37:36'),(56,52,456,5,45,'2021-09-24 13:37:36','2021-09-24 13:37:36');
/*!40000 ALTER TABLE `player_resources` ENABLE KEYS */;
UNLOCK TABLES;

--
-- Table structure for table `shop_list`
--

DROP TABLE IF EXISTS `shop_list`;
/*!40101 SET @saved_cs_client     = @@character_set_client */;
/*!40101 SET character_set_client = utf8 */;
CREATE TABLE `shop_list` (
  `id` int(11) NOT NULL AUTO_INCREMENT,
  `title` varchar(255) NOT NULL,
  `image` varchar(255) DEFAULT NULL,
  `days` int(11) DEFAULT NULL,
  `usages` int(11) DEFAULT NULL,
  `description` text NOT NULL,
  `cost` decimal(10,0) NOT NULL,
  `action` varchar(255) NOT NULL,
  `created_at` datetime NOT NULL DEFAULT current_timestamp(),
  `updated_at` datetime NOT NULL DEFAULT current_timestamp() ON UPDATE current_timestamp(),
  PRIMARY KEY (`id`)
) ENGINE=InnoDB AUTO_INCREMENT=5 DEFAULT CHARSET=utf8mb4;
/*!40101 SET character_set_client = @saved_cs_client */;

--
-- Dumping data for table `shop_list`
--

LOCK TABLES `shop_list` WRITE;
/*!40000 ALTER TABLE `shop_list` DISABLE KEYS */;
INSERT INTO `shop_list` VALUES (1,'House','pet.png',10,1,'You need a small house to start digging.',50,'house','2021-09-24 11:01:55','2021-09-24 11:09:23'),(2,'Pet low cost','house.png',4,1,'A temporary pet that gives 300CE/96h, is not affected by weather events.',150,'pet','2021-09-24 10:59:59','2021-09-24 11:08:56'),(3,'Food','food.png',NULL,50,'Don\'t forget to feed your pets every day.',110,'food','2021-09-24 11:04:35','2021-09-24 11:08:56'),(4,'Caress','caress.png',NULL,10,'Take away the fear of pets.',40,'caress','2021-09-24 11:05:19','2021-09-24 11:08:56');
/*!40000 ALTER TABLE `shop_list` ENABLE KEYS */;
UNLOCK TABLES;

--
-- Dumping routines for database 'petsvsmachine'
--
/*!40103 SET TIME_ZONE=@OLD_TIME_ZONE */;

/*!40101 SET SQL_MODE=@OLD_SQL_MODE */;
/*!40014 SET FOREIGN_KEY_CHECKS=@OLD_FOREIGN_KEY_CHECKS */;
/*!40014 SET UNIQUE_CHECKS=@OLD_UNIQUE_CHECKS */;
/*!40101 SET CHARACTER_SET_CLIENT=@OLD_CHARACTER_SET_CLIENT */;
/*!40101 SET CHARACTER_SET_RESULTS=@OLD_CHARACTER_SET_RESULTS */;
/*!40101 SET COLLATION_CONNECTION=@OLD_COLLATION_CONNECTION */;
/*!40111 SET SQL_NOTES=@OLD_SQL_NOTES */;

-- Dump completed on 2021-09-26  0:09:30
