-- MySQL dump 10.13  Distrib 5.5.62, for Win64 (AMD64)
--
-- Host: localhost    Database: petsvsmachine
-- ------------------------------------------------------
-- Server version	5.5.5-10.4.21-MariaDB

/*!40101 SET @OLD_CHARACTER_SET_CLIENT=@@CHARACTER_SET_CLIENT */;
/*!40101 SET @OLD_CHARACTER_SET_RESULTS=@@CHARACTER_SET_RESULTS */;
/*!40101 SET @OLD_COLLATION_CONNECTION=@@COLLATION_CONNECTION */;
/*!40101 SET NAMES utf8 */;
/*!40103 SET @OLD_TIME_ZONE=@@TIME_ZONE */;
/*!40103 SET TIME_ZONE='+00:00' */;
/*!40014 SET @OLD_UNIQUE_CHECKS=@@UNIQUE_CHECKS, UNIQUE_CHECKS=0 */;
/*!40014 SET @OLD_FOREIGN_KEY_CHECKS=@@FOREIGN_KEY_CHECKS, FOREIGN_KEY_CHECKS=0 */;
/*!40101 SET @OLD_SQL_MODE=@@SQL_MODE, SQL_MODE='NO_AUTO_VALUE_ON_ZERO' */;
/*!40111 SET @OLD_SQL_NOTES=@@SQL_NOTES, SQL_NOTES=0 */;

--
-- Table structure for table `event_list`
--

DROP TABLE IF EXISTS `event_list`;
/*!40101 SET @saved_cs_client     = @@character_set_client */;
/*!40101 SET character_set_client = utf8 */;
CREATE TABLE `event_list` (
  `id` int(11) NOT NULL AUTO_INCREMENT,
  `name` varchar(64) NOT NULL,
  `description` text DEFAULT NULL,
  `created_at` datetime NOT NULL DEFAULT current_timestamp(),
  `updated_at` datetime NOT NULL DEFAULT current_timestamp() ON UPDATE current_timestamp(),
  PRIMARY KEY (`id`)
) ENGINE=InnoDB AUTO_INCREMENT=5 DEFAULT CHARSET=utf8mb4;
/*!40101 SET character_set_client = @saved_cs_client */;

--
-- Dumping data for table `event_list`
--

LOCK TABLES `event_list` WRITE;
/*!40000 ALTER TABLE `event_list` DISABLE KEYS */;
INSERT INTO `event_list` VALUES (1,'house',NULL,'2021-09-26 19:48:43','2021-09-26 19:48:43'),(2,'bones',NULL,'2021-09-26 19:48:43','2021-09-26 19:48:43'),(3,'afraid',NULL,'2021-09-26 19:48:43','2021-09-26 19:48:43'),(4,'caress',NULL,'2021-09-26 19:48:43','2021-09-29 20:25:12');
/*!40000 ALTER TABLE `event_list` ENABLE KEYS */;
UNLOCK TABLES;

--
-- Table structure for table `farm_events`
--

DROP TABLE IF EXISTS `farm_events`;
/*!40101 SET @saved_cs_client     = @@character_set_client */;
/*!40101 SET character_set_client = utf8 */;
CREATE TABLE `farm_events` (
  `id` int(11) NOT NULL AUTO_INCREMENT,
  `farm_id` int(11) NOT NULL,
  `event_id` int(11) NOT NULL,
  `start_at` datetime NOT NULL,
  `finish_at` datetime DEFAULT NULL,
  PRIMARY KEY (`id`),
  KEY `fk_event_farm_idx` (`farm_id`),
  KEY `fk_event_type_idx` (`event_id`),
  CONSTRAINT `fk_event_farm` FOREIGN KEY (`farm_id`) REFERENCES `farm_list` (`id`) ON DELETE NO ACTION ON UPDATE NO ACTION,
  CONSTRAINT `fk_event_type` FOREIGN KEY (`event_id`) REFERENCES `event_list` (`id`) ON DELETE NO ACTION ON UPDATE NO ACTION
) ENGINE=InnoDB AUTO_INCREMENT=138 DEFAULT CHARSET=utf8mb4;
/*!40101 SET character_set_client = @saved_cs_client */;

--
-- Dumping data for table `farm_events`
--

LOCK TABLES `farm_events` WRITE;
/*!40000 ALTER TABLE `farm_events` DISABLE KEYS */;
INSERT INTO `farm_events` VALUES (119,34,1,'2021-10-04 00:00:57','2021-10-14 00:00:57'),(120,34,2,'2021-10-04 00:00:59','2021-10-05 00:00:59'),(121,34,2,'2021-10-04 00:01:00','2021-10-05 00:01:00'),(122,37,3,'2021-10-04 15:40:00','2021-10-04 15:40:59'),(123,35,1,'2021-10-04 15:41:02','2021-10-14 15:41:02'),(124,35,2,'2021-10-04 15:41:04','2021-10-05 15:41:04'),(125,35,2,'2021-10-04 15:41:05','2021-10-05 15:41:05'),(126,36,1,'2021-10-04 15:41:06','2021-10-14 15:41:06'),(127,36,2,'2021-10-04 15:41:06','2021-10-05 15:41:06'),(128,36,2,'2021-10-04 15:41:07','2021-10-05 15:41:07'),(129,38,1,'2021-10-04 15:41:10','2021-10-14 15:41:10'),(130,38,2,'2021-10-04 15:41:11','2021-10-05 15:41:11'),(131,38,2,'2021-10-04 15:41:11','2021-10-05 15:41:11'),(132,37,1,'2021-10-04 15:41:14','2021-10-14 15:41:14'),(133,37,2,'2021-10-04 15:41:14','2021-10-05 15:41:14'),(134,37,2,'2021-10-04 15:41:14','2021-10-05 15:41:14'),(135,37,3,'2021-10-04 17:00:00',NULL),(136,38,3,'2021-10-04 17:00:00',NULL);
/*!40000 ALTER TABLE `farm_events` ENABLE KEYS */;
UNLOCK TABLES;

--
-- Table structure for table `farm_list`
--

DROP TABLE IF EXISTS `farm_list`;
/*!40101 SET @saved_cs_client     = @@character_set_client */;
/*!40101 SET character_set_client = utf8 */;
CREATE TABLE `farm_list` (
  `id` int(11) NOT NULL AUTO_INCREMENT,
  `land_id` int(11) NOT NULL,
  `pet_id` int(11) NOT NULL,
  `bones` tinyint(4) NOT NULL DEFAULT 0,
  `isAfraid` tinyint(4) NOT NULL DEFAULT 0,
  `isCompleted` tinyint(4) NOT NULL DEFAULT 0,
  `start_at` datetime DEFAULT NULL,
  `completed_at` datetime DEFAULT NULL,
  `created_at` datetime NOT NULL DEFAULT current_timestamp(),
  `updated_at` datetime NOT NULL DEFAULT current_timestamp() ON UPDATE current_timestamp(),
  PRIMARY KEY (`id`),
  KEY `fk_landPets_land_idx` (`land_id`),
  KEY `fk_landPets_pet_idx` (`pet_id`),
  CONSTRAINT `fk_landPets_land` FOREIGN KEY (`land_id`) REFERENCES `land_list` (`id`) ON DELETE NO ACTION ON UPDATE NO ACTION,
  CONSTRAINT `fk_landPets_pet` FOREIGN KEY (`pet_id`) REFERENCES `pet_list` (`id`) ON DELETE NO ACTION ON UPDATE NO ACTION
) ENGINE=InnoDB AUTO_INCREMENT=39 DEFAULT CHARSET=utf8mb4;
/*!40101 SET character_set_client = @saved_cs_client */;

--
-- Dumping data for table `farm_list`
--

LOCK TABLES `farm_list` WRITE;
/*!40000 ALTER TABLE `farm_list` DISABLE KEYS */;
INSERT INTO `farm_list` VALUES (34,442,63,0,0,1,'2021-10-04 00:00:46','2021-10-04 12:00:46','2021-10-04 00:00:46','2021-10-04 12:47:15'),(35,442,64,0,0,0,'2021-10-04 15:14:04','2021-10-08 05:14:04','2021-10-04 15:14:04','2021-10-04 15:14:04'),(36,442,65,0,0,0,'2021-10-04 15:14:07','2021-10-08 05:14:07','2021-10-04 15:14:07','2021-10-04 15:14:07'),(37,442,66,0,0,0,'2021-10-04 15:22:50','2021-10-08 05:22:50','2021-10-04 15:22:50','2021-10-04 15:22:50'),(38,442,67,0,0,0,'2021-10-04 15:23:53','2021-10-08 05:23:53','2021-10-04 15:23:53','2021-10-04 15:23:53');
/*!40000 ALTER TABLE `farm_list` ENABLE KEYS */;
UNLOCK TABLES;

--
-- Table structure for table `land_list`
--

DROP TABLE IF EXISTS `land_list`;
/*!40101 SET @saved_cs_client     = @@character_set_client */;
/*!40101 SET character_set_client = utf8 */;
CREATE TABLE `land_list` (
  `id` int(11) NOT NULL AUTO_INCREMENT,
  `rarity_id` int(11) DEFAULT NULL,
  `floor` varchar(45) DEFAULT NULL,
  `created_at` datetime DEFAULT current_timestamp(),
  `updated_at` datetime DEFAULT current_timestamp() ON UPDATE current_timestamp(),
  PRIMARY KEY (`id`),
  KEY `fk_lands_rarity_idx` (`rarity_id`),
  CONSTRAINT `fk_lands_rarity` FOREIGN KEY (`rarity_id`) REFERENCES `land_rarity` (`id`) ON DELETE NO ACTION ON UPDATE NO ACTION
) ENGINE=InnoDB AUTO_INCREMENT=443 DEFAULT CHARSET=utf8mb4;
/*!40101 SET character_set_client = @saved_cs_client */;

--
-- Dumping data for table `land_list`
--

LOCK TABLES `land_list` WRITE;
/*!40000 ALTER TABLE `land_list` DISABLE KEYS */;
INSERT INTO `land_list` VALUES (1,2,'12','2021-09-24 17:56:49','2021-09-30 20:32:18'),(2,2,'12','2021-09-24 17:56:49','2021-09-30 20:18:09'),(3,2,'12','2021-09-24 17:56:49','2021-09-30 20:18:09'),(4,2,'12','2021-09-24 17:56:49','2021-09-30 20:18:09'),(5,2,'12','2021-09-24 17:56:49','2021-09-30 20:18:09'),(6,2,'12','2021-09-24 17:56:49','2021-09-30 20:18:09'),(7,2,'12','2021-09-24 17:56:49','2021-09-30 20:18:09'),(8,2,'12','2021-09-24 17:56:49','2021-09-30 20:18:09'),(9,2,'12','2021-09-24 17:56:49','2021-09-30 20:18:09'),(10,2,'12','2021-09-24 17:56:49','2021-09-30 20:18:09'),(11,2,'12','2021-09-24 17:56:49','2021-09-30 20:18:09'),(12,2,'12','2021-09-24 17:56:49','2021-09-30 20:18:09'),(13,2,'12','2021-09-24 17:56:49','2021-09-30 20:18:09'),(14,2,'12','2021-09-24 17:56:49','2021-09-30 20:18:09'),(15,2,'12','2021-09-24 17:56:49','2021-09-30 20:18:09'),(16,2,'12','2021-09-24 17:56:49','2021-09-30 20:18:09'),(17,2,'12','2021-09-24 17:56:49','2021-09-30 20:18:09'),(18,2,'12','2021-09-24 17:56:49','2021-09-30 20:18:09'),(19,2,'12','2021-09-24 17:56:49','2021-09-30 20:18:09'),(20,2,'12','2021-09-24 17:56:49','2021-09-30 20:18:09'),(21,2,'12','2021-09-24 17:56:49','2021-09-30 20:18:09'),(22,2,'12','2021-09-24 17:56:49','2021-09-30 20:18:09'),(23,2,'12','2021-09-24 17:56:49','2021-09-30 20:18:09'),(24,2,'12','2021-09-24 17:56:49','2021-09-30 20:18:09'),(25,2,'12','2021-09-24 17:56:49','2021-09-30 20:18:09'),(26,2,'12','2021-09-24 17:56:49','2021-09-30 20:18:09'),(27,2,'12','2021-09-24 17:56:49','2021-09-30 20:18:09'),(28,2,'12','2021-09-24 17:56:49','2021-09-30 20:18:09'),(29,2,'12','2021-09-24 17:56:49','2021-09-30 20:18:09'),(30,2,'12','2021-09-24 17:56:49','2021-09-30 20:18:09'),(31,2,'12','2021-09-24 17:56:49','2021-09-30 20:18:09'),(32,2,'12','2021-09-24 17:56:49','2021-09-30 20:18:09'),(33,2,'12','2021-09-24 17:56:49','2021-09-30 20:18:09'),(34,2,'12','2021-09-24 17:56:49','2021-09-30 20:18:09'),(35,2,'12','2021-09-24 17:56:49','2021-09-30 20:18:09'),(36,2,'12','2021-09-24 17:56:49','2021-09-30 20:18:09'),(37,2,'12','2021-09-24 17:56:49','2021-09-30 20:18:09'),(38,2,'12','2021-09-24 17:56:49','2021-09-30 20:18:09'),(39,2,'12','2021-09-24 17:56:49','2021-09-30 20:18:09'),(40,2,'12','2021-09-24 17:56:49','2021-09-30 20:18:09'),(41,2,'12','2021-09-24 17:56:49','2021-09-30 20:18:09'),(42,2,'12','2021-09-24 17:56:49','2021-09-30 20:18:09'),(43,2,'12','2021-09-24 17:56:49','2021-09-30 20:18:09'),(44,2,'12','2021-09-24 17:56:49','2021-09-30 20:18:09'),(45,2,'12','2021-09-24 17:56:49','2021-09-30 20:18:09'),(46,2,'12','2021-09-24 17:56:49','2021-09-30 20:18:09'),(47,2,'12','2021-09-24 17:56:49','2021-09-30 20:18:09'),(48,2,'12','2021-09-24 17:56:49','2021-09-30 20:18:09'),(49,2,'12','2021-09-24 17:56:49','2021-09-30 20:18:09'),(50,2,'12','2021-09-24 17:56:49','2021-09-30 20:18:09'),(51,2,'12','2021-09-24 17:56:49','2021-09-30 20:18:09'),(52,2,'12','2021-09-24 17:56:49','2021-09-30 20:18:09'),(53,2,'12','2021-09-24 17:56:49','2021-09-30 20:18:09'),(54,2,'12','2021-09-24 17:56:49','2021-09-30 20:18:09'),(55,2,'12','2021-09-24 17:56:49','2021-09-30 20:18:09'),(56,2,'12','2021-09-24 17:56:49','2021-09-30 20:18:09'),(57,2,'12','2021-09-24 17:56:49','2021-09-30 20:18:09'),(58,2,'12','2021-09-24 17:56:49','2021-09-30 20:18:09'),(59,2,'12','2021-09-24 17:56:49','2021-09-30 20:18:09'),(60,2,'12','2021-09-24 17:56:49','2021-09-30 20:18:09'),(61,2,'12','2021-09-24 17:56:49','2021-09-30 20:18:09'),(62,2,'12','2021-09-24 17:56:49','2021-09-30 20:18:09'),(63,2,'12','2021-09-24 17:56:49','2021-09-30 20:18:09'),(64,2,'12','2021-09-24 17:56:49','2021-09-30 20:18:09'),(65,2,'12','2021-09-24 17:56:49','2021-09-30 20:18:09'),(66,2,'12','2021-09-24 17:56:49','2021-09-30 20:18:09'),(67,2,'12','2021-09-24 17:56:49','2021-09-30 20:18:09'),(68,2,'12','2021-09-24 17:56:49','2021-09-30 20:18:09'),(69,4,'12','2021-09-24 17:56:49','2021-09-30 20:18:09'),(70,4,'12','2021-09-24 17:56:49','2021-09-30 20:18:09'),(71,2,'12','2021-09-24 17:56:49','2021-09-30 20:18:09'),(72,2,'12','2021-09-24 17:56:49','2021-09-30 20:18:09'),(73,2,'12','2021-09-24 17:56:49','2021-09-30 20:18:09'),(74,2,'12','2021-09-24 17:56:49','2021-09-30 20:18:09'),(75,2,'12','2021-09-24 17:56:49','2021-09-30 20:18:09'),(76,2,'12','2021-09-24 17:56:49','2021-09-30 20:18:09'),(77,2,'12','2021-09-24 17:56:49','2021-09-30 20:18:09'),(78,4,'12','2021-09-24 17:56:49','2021-09-30 20:18:09'),(79,4,'12','2021-09-24 17:56:49','2021-09-30 20:18:09'),(80,2,'12','2021-09-24 17:56:49','2021-09-30 20:18:09'),(81,2,'12','2021-09-24 17:56:49','2021-09-30 20:18:09'),(82,2,'12','2021-09-24 17:56:49','2021-09-30 20:18:09'),(83,2,'12','2021-09-24 17:56:49','2021-09-30 20:18:09'),(84,2,'12','2021-09-24 17:56:49','2021-09-30 20:18:09'),(85,2,'12','2021-09-24 17:56:49','2021-09-30 20:18:09'),(86,2,'12','2021-09-24 17:56:49','2021-09-30 20:18:09'),(87,2,'12','2021-09-24 17:56:49','2021-09-30 20:18:09'),(88,2,'12','2021-09-24 17:56:49','2021-09-30 20:18:09'),(89,4,'12','2021-09-24 17:56:49','2021-09-30 20:18:09'),(90,3,'12','2021-09-24 17:56:49','2021-09-30 20:18:09'),(91,3,'12','2021-09-24 17:56:49','2021-09-30 20:18:09'),(92,3,'12','2021-09-24 17:56:49','2021-09-30 20:18:09'),(93,3,'12','2021-09-24 17:56:49','2021-09-30 20:18:09'),(94,3,'12','2021-09-24 17:56:49','2021-09-30 20:18:09'),(95,3,'12','2021-09-24 17:56:49','2021-09-30 20:18:09'),(96,3,'12','2021-09-24 17:56:49','2021-09-30 20:18:09'),(97,3,'12','2021-09-24 17:56:49','2021-09-30 20:18:09'),(98,3,'12','2021-09-24 17:56:49','2021-09-30 20:18:09'),(99,3,'12','2021-09-24 17:56:49','2021-09-30 20:18:09'),(100,3,'12','2021-09-24 17:56:49','2021-09-30 20:18:09'),(101,4,'12','2021-09-24 17:56:49','2021-09-30 20:18:09'),(102,2,'12','2021-09-24 17:56:49','2021-09-30 20:18:09'),(103,2,'12','2021-09-24 17:56:49','2021-09-30 20:18:09'),(104,2,'12','2021-09-24 17:56:49','2021-09-30 20:18:09'),(105,2,'12','2021-09-24 17:56:49','2021-09-30 20:18:09'),(106,2,'12','2021-09-24 17:56:49','2021-09-30 20:18:09'),(107,2,'12','2021-09-24 17:56:49','2021-09-30 20:18:09'),(108,2,'12','2021-09-24 17:56:49','2021-09-30 20:18:09'),(109,4,'12','2021-09-24 17:56:49','2021-09-30 20:18:09'),(110,3,'12','2021-09-24 17:56:49','2021-09-30 20:18:09'),(111,3,'12','2021-09-24 17:56:49','2021-09-30 20:18:09'),(112,3,'12','2021-09-24 17:56:49','2021-09-30 20:18:09'),(113,3,'12','2021-09-24 17:56:49','2021-09-30 20:18:09'),(114,4,'12','2021-09-24 17:56:49','2021-09-30 20:18:09'),(115,4,'12','2021-09-24 17:56:49','2021-09-30 20:18:09'),(116,3,'12','2021-09-24 17:56:49','2021-09-30 20:18:09'),(117,4,'12','2021-09-24 17:56:49','2021-09-30 20:18:09'),(118,4,'12','2021-09-24 17:56:49','2021-09-30 20:18:09'),(119,3,'12','2021-09-24 17:56:49','2021-09-30 20:18:09'),(120,3,'12','2021-09-24 17:56:49','2021-09-30 20:18:09'),(121,3,'12','2021-09-24 17:56:49','2021-09-30 20:18:09'),(122,3,'12','2021-09-24 17:56:49','2021-09-30 20:18:09'),(123,4,'12','2021-09-24 17:56:49','2021-09-30 20:18:09'),(124,2,'12','2021-09-24 17:56:49','2021-09-30 20:18:09'),(125,2,'12','2021-09-24 17:56:49','2021-09-30 20:18:09'),(126,2,'12','2021-09-24 17:56:49','2021-09-30 20:18:09'),(127,2,'12','2021-09-24 17:56:49','2021-09-30 20:18:09'),(128,2,'12','2021-09-24 17:56:49','2021-09-30 20:18:09'),(129,2,'12','2021-09-24 17:56:49','2021-09-30 20:18:09'),(130,4,'12','2021-09-24 17:56:49','2021-09-30 20:18:09'),(131,3,'12','2021-09-24 17:56:49','2021-09-30 20:18:09'),(132,3,'12','2021-09-24 17:56:49','2021-09-30 20:18:09'),(133,3,'12','2021-09-24 17:56:49','2021-09-30 20:18:09'),(134,3,'12','2021-09-24 17:56:49','2021-09-30 20:18:09'),(135,3,'12','2021-09-24 17:56:49','2021-09-30 20:18:09'),(136,3,'12','2021-09-24 17:56:49','2021-09-30 20:18:09'),(137,3,'12','2021-09-24 17:56:49','2021-09-30 20:18:09'),(138,3,'12','2021-09-24 17:56:49','2021-09-30 20:18:09'),(139,3,'12','2021-09-24 17:56:49','2021-09-30 20:18:09'),(140,3,'12','2021-09-24 17:56:49','2021-09-30 20:18:09'),(141,3,'12','2021-09-24 17:56:49','2021-09-30 20:18:09'),(142,3,'12','2021-09-24 17:56:49','2021-09-30 20:18:09'),(143,3,'12','2021-09-24 17:56:49','2021-09-30 20:18:09'),(144,4,'12','2021-09-24 17:56:49','2021-09-30 20:18:09'),(145,2,'12','2021-09-24 17:56:49','2021-09-30 20:18:09'),(146,2,'12','2021-09-24 17:56:49','2021-09-30 20:18:09'),(147,2,'12','2021-09-24 17:56:49','2021-09-30 20:18:09'),(148,2,'12','2021-09-24 17:56:49','2021-09-30 20:18:09'),(149,2,'12','2021-09-24 17:56:49','2021-09-30 20:18:09'),(150,2,'12','2021-09-24 17:56:49','2021-09-30 20:18:09'),(151,2,'12','2021-09-24 17:56:49','2021-09-30 20:18:09'),(152,3,'12','2021-09-24 17:56:49','2021-09-30 20:18:09'),(153,3,'12','2021-09-24 17:56:49','2021-09-30 20:18:09'),(154,3,'12','2021-09-24 17:56:49','2021-09-30 20:18:09'),(155,4,'12','2021-09-24 17:56:49','2021-09-30 20:18:09'),(156,4,'12','2021-09-24 17:56:49','2021-09-30 20:18:09'),(157,4,'12','2021-09-24 17:56:49','2021-09-30 20:18:09'),(158,4,'12','2021-09-24 17:56:49','2021-09-30 20:18:09'),(159,4,'12','2021-09-24 17:56:49','2021-09-30 20:18:09'),(160,4,'12','2021-09-24 17:56:49','2021-09-30 20:18:09'),(161,4,'12','2021-09-24 17:56:49','2021-09-30 20:18:09'),(162,3,'12','2021-09-24 17:56:49','2021-09-30 20:18:09'),(163,3,'12','2021-09-24 17:56:49','2021-09-30 20:18:09'),(164,3,'12','2021-09-24 17:56:49','2021-09-30 20:18:09'),(165,2,'12','2021-09-24 17:56:49','2021-09-30 20:18:09'),(166,2,'12','2021-09-24 17:56:49','2021-09-30 20:18:09'),(167,2,'12','2021-09-24 17:56:49','2021-09-30 20:18:09'),(168,2,'12','2021-09-24 17:56:49','2021-09-30 20:18:09'),(169,2,'12','2021-09-24 17:56:49','2021-09-30 20:18:09'),(170,2,'12','2021-09-24 17:56:49','2021-09-30 20:18:09'),(171,2,'12','2021-09-24 17:56:49','2021-09-30 20:18:09'),(172,2,'12','2021-09-24 17:56:49','2021-09-30 20:18:09'),(173,3,'12','2021-09-24 17:56:49','2021-09-30 20:18:09'),(174,4,'12','2021-09-24 17:56:49','2021-09-30 20:18:09'),(175,3,'12','2021-09-24 17:56:49','2021-09-30 20:18:09'),(176,4,'12','2021-09-24 17:56:49','2021-09-30 20:18:09'),(177,5,'12','2021-09-24 17:56:49','2021-09-30 20:18:09'),(178,5,'12','2021-09-24 17:56:49','2021-09-30 20:18:09'),(179,5,'12','2021-09-24 17:56:49','2021-09-30 20:18:09'),(180,5,'12','2021-09-24 17:56:49','2021-09-30 20:18:09'),(181,5,'12','2021-09-24 17:56:49','2021-09-30 20:18:09'),(182,4,'12','2021-09-24 17:56:49','2021-09-30 20:18:09'),(183,3,'12','2021-09-24 17:56:49','2021-09-30 20:18:09'),(184,4,'12','2021-09-24 17:56:49','2021-09-30 20:18:09'),(185,3,'12','2021-09-24 17:56:49','2021-09-30 20:18:09'),(186,2,'12','2021-09-24 17:56:49','2021-09-30 20:18:09'),(187,2,'12','2021-09-24 17:56:49','2021-09-30 20:18:09'),(188,2,'12','2021-09-24 17:56:49','2021-09-30 20:18:09'),(189,2,'12','2021-09-24 17:56:49','2021-09-30 20:18:09'),(190,2,'12','2021-09-24 17:56:49','2021-09-30 20:18:09'),(191,2,'12','2021-09-24 17:56:49','2021-09-30 20:18:09'),(192,2,'12','2021-09-24 17:56:49','2021-09-30 20:18:09'),(193,2,'12','2021-09-24 17:56:49','2021-09-30 20:18:09'),(194,3,'12','2021-09-24 17:56:49','2021-09-30 20:18:09'),(195,4,'12','2021-09-24 17:56:49','2021-09-30 20:18:09'),(196,3,'12','2021-09-24 17:56:49','2021-09-30 20:18:09'),(197,4,'12','2021-09-24 17:56:49','2021-09-30 20:18:09'),(198,5,'12','2021-09-24 17:56:49','2021-09-30 20:18:09'),(199,5,'12','2021-09-24 17:56:49','2021-09-30 20:18:09'),(200,6,'12','2021-09-24 17:56:49','2021-09-30 20:18:09'),(201,5,'12','2021-09-24 17:56:49','2021-09-30 20:18:09'),(202,5,'12','2021-09-24 17:56:49','2021-09-30 20:18:09'),(203,4,'12','2021-09-24 17:56:49','2021-09-30 20:18:09'),(204,3,'12','2021-09-24 17:56:49','2021-09-30 20:18:09'),(205,4,'12','2021-09-24 17:56:49','2021-09-30 20:18:09'),(206,3,'12','2021-09-24 17:56:49','2021-09-30 20:18:09'),(207,2,'12','2021-09-24 17:56:49','2021-09-30 20:18:09'),(208,2,'12','2021-09-24 17:56:49','2021-09-30 20:18:09'),(209,2,'12','2021-09-24 17:56:49','2021-09-30 20:18:09'),(210,2,'12','2021-09-24 17:56:49','2021-09-30 20:18:09'),(211,2,'12','2021-09-24 17:56:49','2021-09-30 20:18:09'),(212,2,'12','2021-09-24 17:56:49','2021-09-30 20:18:09'),(213,2,'12','2021-09-24 17:56:49','2021-09-30 20:18:09'),(214,2,'12','2021-09-24 17:56:49','2021-09-30 20:18:09'),(215,3,'12','2021-09-24 17:56:49','2021-09-30 20:18:09'),(216,3,'12','2021-09-24 17:56:49','2021-09-30 20:18:09'),(217,3,'12','2021-09-24 17:56:49','2021-09-30 20:18:09'),(218,4,'12','2021-09-24 17:56:49','2021-09-30 20:18:09'),(219,5,'12','2021-09-24 17:56:49','2021-09-30 20:18:09'),(220,6,'12','2021-09-24 17:56:49','2021-09-30 20:18:09'),(221,6,'12','2021-09-24 17:56:49','2021-09-30 20:18:09'),(222,6,'12','2021-09-24 17:56:49','2021-09-30 20:18:09'),(223,5,'12','2021-09-24 17:56:49','2021-09-30 20:18:09'),(224,4,'12','2021-09-24 17:56:49','2021-09-30 20:18:09'),(225,3,'12','2021-09-24 17:56:49','2021-09-30 20:18:09'),(226,3,'12','2021-09-24 17:56:49','2021-09-30 20:18:09'),(227,3,'12','2021-09-24 17:56:49','2021-09-30 20:18:09'),(228,2,'12','2021-09-24 17:56:49','2021-09-30 20:18:09'),(229,2,'12','2021-09-24 17:56:49','2021-09-30 20:18:09'),(230,2,'12','2021-09-24 17:56:49','2021-09-30 20:18:09'),(231,2,'12','2021-09-24 17:56:49','2021-09-30 20:18:09'),(232,2,'12','2021-09-24 17:56:49','2021-09-30 20:18:09'),(233,2,'12','2021-09-24 17:56:49','2021-09-30 20:18:09'),(234,2,'12','2021-09-24 17:56:49','2021-09-30 20:18:09'),(235,2,'12','2021-09-24 17:56:49','2021-09-30 20:18:09'),(236,3,'12','2021-09-24 17:56:49','2021-09-30 20:18:09'),(237,4,'12','2021-09-24 17:56:49','2021-09-30 20:18:09'),(238,3,'12','2021-09-24 17:56:49','2021-09-30 20:18:09'),(239,4,'12','2021-09-24 17:56:49','2021-09-30 20:18:09'),(240,5,'12','2021-09-24 17:56:49','2021-09-30 20:18:09'),(241,5,'12','2021-09-24 17:56:49','2021-09-30 20:18:09'),(242,6,'12','2021-09-24 17:56:49','2021-09-30 20:18:09'),(243,5,'12','2021-09-24 17:56:49','2021-09-30 20:18:09'),(244,5,'12','2021-09-24 17:56:49','2021-09-30 20:18:09'),(245,4,'12','2021-09-24 17:56:49','2021-09-30 20:18:09'),(246,3,'12','2021-09-24 17:56:49','2021-09-30 20:18:09'),(247,4,'12','2021-09-24 17:56:49','2021-09-30 20:18:09'),(248,3,'12','2021-09-24 17:56:49','2021-09-30 20:18:09'),(249,2,'12','2021-09-24 17:56:49','2021-09-30 20:18:09'),(250,2,'12','2021-09-24 17:56:49','2021-09-30 20:18:09'),(251,2,'12','2021-09-24 17:56:49','2021-09-30 20:18:09'),(252,2,'12','2021-09-24 17:56:49','2021-09-30 20:18:09'),(253,2,'12','2021-09-24 17:56:49','2021-09-30 20:18:09'),(254,2,'12','2021-09-24 17:56:49','2021-09-30 20:18:09'),(255,2,'12','2021-09-24 17:56:49','2021-09-30 20:18:09'),(256,2,'12','2021-09-24 17:56:49','2021-09-30 20:18:09'),(257,3,'12','2021-09-24 17:56:49','2021-09-30 20:18:09'),(258,4,'12','2021-09-24 17:56:49','2021-09-30 20:18:09'),(259,3,'12','2021-09-24 17:56:49','2021-09-30 20:18:09'),(260,4,'12','2021-09-24 17:56:49','2021-09-30 20:18:09'),(261,5,'12','2021-09-24 17:56:49','2021-09-30 20:18:09'),(262,5,'12','2021-09-24 17:56:49','2021-09-30 20:18:09'),(263,5,'12','2021-09-24 17:56:49','2021-09-30 20:18:09'),(264,5,'12','2021-09-24 17:56:49','2021-09-30 20:18:09'),(265,5,'12','2021-09-24 17:56:49','2021-09-30 20:18:09'),(266,4,'12','2021-09-24 17:56:49','2021-09-30 20:18:09'),(267,3,'12','2021-09-24 17:56:49','2021-09-30 20:18:09'),(268,4,'12','2021-09-24 17:56:49','2021-09-30 20:18:09'),(269,3,'12','2021-09-24 17:56:49','2021-09-30 20:18:09'),(270,2,'12','2021-09-24 17:56:49','2021-09-30 20:18:09'),(271,2,'12','2021-09-24 17:56:49','2021-09-30 20:18:09'),(272,2,'12','2021-09-24 17:56:49','2021-09-30 20:18:09'),(273,2,'12','2021-09-24 17:56:49','2021-09-30 20:18:09'),(274,2,'12','2021-09-24 17:56:49','2021-09-30 20:18:09'),(275,2,'12','2021-09-24 17:56:49','2021-09-30 20:18:09'),(276,2,'12','2021-09-24 17:56:49','2021-09-30 20:18:09'),(277,2,'12','2021-09-24 17:56:49','2021-09-30 20:18:09'),(278,3,'12','2021-09-24 17:56:49','2021-09-30 20:18:09'),(279,3,'12','2021-09-24 17:56:49','2021-09-30 20:18:09'),(280,3,'12','2021-09-24 17:56:49','2021-09-30 20:18:09'),(281,4,'12','2021-09-24 17:56:49','2021-09-30 20:18:09'),(282,4,'12','2021-09-24 17:56:49','2021-09-30 20:18:09'),(283,4,'12','2021-09-24 17:56:49','2021-09-30 20:18:09'),(284,4,'12','2021-09-24 17:56:49','2021-09-30 20:18:09'),(285,4,'12','2021-09-24 17:56:49','2021-09-30 20:18:09'),(286,4,'12','2021-09-24 17:56:49','2021-09-30 20:18:09'),(287,4,'12','2021-09-24 17:56:49','2021-09-30 20:18:09'),(288,3,'12','2021-09-24 17:56:49','2021-09-30 20:18:09'),(289,3,'12','2021-09-24 17:56:49','2021-09-30 20:18:09'),(290,3,'12','2021-09-24 17:56:49','2021-09-30 20:18:09'),(291,2,'12','2021-09-24 17:56:49','2021-09-30 20:18:09'),(292,2,'12','2021-09-24 17:56:49','2021-09-30 20:18:09'),(293,2,'12','2021-09-24 17:56:49','2021-09-30 20:18:09'),(294,2,'12','2021-09-24 17:56:49','2021-09-30 20:18:09'),(295,2,'12','2021-09-24 17:56:49','2021-09-30 20:18:09'),(296,2,'12','2021-09-24 17:56:49','2021-09-30 20:18:09'),(297,2,'12','2021-09-24 17:56:49','2021-09-30 20:18:09'),(298,4,'12','2021-09-24 17:56:49','2021-09-30 20:18:09'),(299,3,'12','2021-09-24 17:56:49','2021-09-30 20:18:09'),(300,3,'12','2021-09-24 17:56:49','2021-09-30 20:18:09'),(301,3,'12','2021-09-24 17:56:49','2021-09-30 20:18:09'),(302,3,'12','2021-09-24 17:56:49','2021-09-30 20:18:09'),(303,3,'12','2021-09-24 17:56:49','2021-09-30 20:18:09'),(304,3,'12','2021-09-24 17:56:49','2021-09-30 20:18:09'),(305,3,'12','2021-09-24 17:56:49','2021-09-30 20:18:09'),(306,3,'12','2021-09-24 17:56:49','2021-09-30 20:18:09'),(307,3,'12','2021-09-24 17:56:49','2021-09-30 20:18:09'),(308,3,'12','2021-09-24 17:56:49','2021-09-30 20:18:09'),(309,3,'12','2021-09-24 17:56:49','2021-09-30 20:18:09'),(310,3,'12','2021-09-24 17:56:49','2021-09-30 20:18:09'),(311,3,'12','2021-09-24 17:56:49','2021-09-30 20:18:09'),(312,4,'12','2021-09-24 17:56:49','2021-09-30 20:18:09'),(313,2,'12','2021-09-24 17:56:49','2021-09-30 20:18:09'),(314,2,'12','2021-09-24 17:56:49','2021-09-30 20:18:09'),(315,2,'12','2021-09-24 17:56:49','2021-09-30 20:18:09'),(316,2,'12','2021-09-24 17:56:49','2021-09-30 20:18:09'),(317,2,'12','2021-09-24 17:56:49','2021-09-30 20:18:09'),(318,2,'12','2021-09-24 17:56:49','2021-09-30 20:18:09'),(319,4,'12','2021-09-24 17:56:49','2021-09-30 20:18:09'),(320,3,'12','2021-09-24 17:56:49','2021-09-30 20:18:09'),(321,3,'12','2021-09-24 17:56:49','2021-09-30 20:18:09'),(322,3,'12','2021-09-24 17:56:49','2021-09-30 20:18:09'),(323,3,'12','2021-09-24 17:56:49','2021-09-30 20:18:09'),(324,4,'12','2021-09-24 17:56:49','2021-09-30 20:18:09'),(325,4,'12','2021-09-24 17:56:49','2021-09-30 20:18:09'),(326,3,'12','2021-09-24 17:56:49','2021-09-30 20:18:09'),(327,4,'12','2021-09-24 17:56:49','2021-09-30 20:18:09'),(328,4,'12','2021-09-24 17:56:49','2021-09-30 20:18:09'),(329,3,'12','2021-09-24 17:56:49','2021-09-30 20:18:09'),(330,3,'12','2021-09-24 17:56:49','2021-09-30 20:18:09'),(331,3,'12','2021-09-24 17:56:49','2021-09-30 20:18:09'),(332,3,'12','2021-09-24 17:56:49','2021-09-30 20:18:09'),(333,4,'12','2021-09-24 17:56:49','2021-09-30 20:18:09'),(334,2,'12','2021-09-24 17:56:49','2021-09-30 20:18:09'),(335,2,'12','2021-09-24 17:56:49','2021-09-30 20:18:09'),(336,2,'12','2021-09-24 17:56:49','2021-09-30 20:18:09'),(337,2,'12','2021-09-24 17:56:49','2021-09-30 20:18:09'),(338,2,'12','2021-09-24 17:56:49','2021-09-30 20:18:09'),(339,2,'12','2021-09-24 17:56:49','2021-09-30 20:18:09'),(340,2,'12','2021-09-24 17:56:49','2021-09-30 20:18:09'),(341,4,'12','2021-09-24 17:56:49','2021-09-30 20:18:09'),(342,3,'12','2021-09-24 17:56:49','2021-09-30 20:18:09'),(343,3,'12','2021-09-24 17:56:49','2021-09-30 20:18:09'),(344,3,'12','2021-09-24 17:56:49','2021-09-30 20:18:09'),(345,3,'12','2021-09-24 17:56:49','2021-09-30 20:18:09'),(346,3,'12','2021-09-24 17:56:49','2021-09-30 20:18:09'),(347,3,'12','2021-09-24 17:56:49','2021-09-30 20:18:09'),(348,3,'12','2021-09-24 17:56:49','2021-09-30 20:18:09'),(349,3,'12','2021-09-24 17:56:49','2021-09-30 20:18:09'),(350,3,'12','2021-09-24 17:56:49','2021-09-30 20:18:09'),(351,3,'12','2021-09-24 17:56:49','2021-09-30 20:18:09'),(352,3,'12','2021-09-24 17:56:49','2021-09-30 20:18:09'),(353,4,'12','2021-09-24 17:56:49','2021-09-30 20:18:09'),(354,2,'12','2021-09-24 17:56:49','2021-09-30 20:18:09'),(355,2,'12','2021-09-24 17:56:49','2021-09-30 20:18:09'),(356,2,'12','2021-09-24 17:56:49','2021-09-30 20:18:09'),(357,2,'12','2021-09-24 17:56:49','2021-09-30 20:18:09'),(358,2,'12','2021-09-24 17:56:49','2021-09-30 20:18:09'),(359,2,'12','2021-09-24 17:56:49','2021-09-30 20:18:09'),(360,2,'12','2021-09-24 17:56:49','2021-09-30 20:18:09'),(361,2,'12','2021-09-24 17:56:49','2021-09-30 20:18:09'),(362,2,'12','2021-09-24 17:56:49','2021-09-30 20:18:09'),(363,4,'12','2021-09-24 17:56:49','2021-09-30 20:18:09'),(364,4,'12','2021-09-24 17:56:49','2021-09-30 20:18:09'),(365,2,'12','2021-09-24 17:56:49','2021-09-30 20:18:09'),(366,2,'12','2021-09-24 17:56:49','2021-09-30 20:18:09'),(367,2,'12','2021-09-24 17:56:49','2021-09-30 20:18:09'),(368,2,'12','2021-09-24 17:56:49','2021-09-30 20:18:09'),(369,2,'12','2021-09-24 17:56:49','2021-09-30 20:18:09'),(370,2,'12','2021-09-24 17:56:49','2021-09-30 20:18:09'),(371,2,'12','2021-09-24 17:56:49','2021-09-30 20:18:09'),(372,4,'12','2021-09-24 17:56:49','2021-09-30 20:18:09'),(373,4,'12','2021-09-24 17:56:49','2021-09-30 20:18:09'),(374,2,'12','2021-09-24 17:56:49','2021-09-30 20:18:09'),(375,2,'12','2021-09-24 17:56:49','2021-09-30 20:18:09'),(376,2,'12','2021-09-24 17:56:49','2021-09-30 20:18:09'),(377,2,'12','2021-09-24 17:56:49','2021-09-30 20:18:09'),(378,2,'12','2021-09-24 17:56:49','2021-09-30 20:18:09'),(379,2,'12','2021-09-24 17:56:49','2021-09-30 20:18:09'),(380,2,'12','2021-09-24 17:56:49','2021-09-30 20:18:09'),(381,2,'12','2021-09-24 17:56:49','2021-09-30 20:18:09'),(382,2,'12','2021-09-24 17:56:49','2021-09-30 20:18:09'),(383,2,'12','2021-09-24 17:56:49','2021-09-30 20:18:09'),(384,2,'12','2021-09-24 17:56:49','2021-09-30 20:18:09'),(385,2,'12','2021-09-24 17:56:49','2021-09-30 20:18:09'),(386,2,'12','2021-09-24 17:56:49','2021-09-30 20:18:09'),(387,2,'12','2021-09-24 17:56:49','2021-09-30 20:18:09'),(388,2,'12','2021-09-24 17:56:49','2021-09-30 20:18:09'),(389,2,'12','2021-09-24 17:56:49','2021-09-30 20:18:09'),(390,2,'12','2021-09-24 17:56:49','2021-09-30 20:18:09'),(391,2,'12','2021-09-24 17:56:49','2021-09-30 20:18:09'),(392,2,'12','2021-09-24 17:56:49','2021-09-30 20:18:09'),(393,2,'12','2021-09-24 17:56:49','2021-09-30 20:18:09'),(394,2,'12','2021-09-24 17:56:49','2021-09-30 20:18:09'),(395,2,'12','2021-09-24 17:56:49','2021-09-30 20:18:09'),(396,2,'12','2021-09-24 17:56:49','2021-09-30 20:18:09'),(397,2,'12','2021-09-24 17:56:49','2021-09-30 20:18:09'),(398,2,'12','2021-09-24 17:56:49','2021-09-30 20:18:09'),(399,2,'12','2021-09-24 17:56:49','2021-09-30 20:18:09'),(400,2,'12','2021-09-24 17:56:49','2021-09-30 20:18:09'),(401,2,'12','2021-09-24 17:56:49','2021-09-30 20:18:09'),(402,2,'12','2021-09-24 17:56:49','2021-09-30 20:18:09'),(403,2,'12','2021-09-24 17:56:49','2021-09-30 20:18:09'),(404,2,'12','2021-09-24 17:56:49','2021-09-30 20:18:09'),(405,2,'12','2021-09-24 17:56:49','2021-09-30 20:18:09'),(406,2,'12','2021-09-24 17:56:49','2021-09-30 20:18:09'),(407,2,'12','2021-09-24 17:56:49','2021-09-30 20:18:09'),(408,2,'12','2021-09-24 17:56:49','2021-09-30 20:18:09'),(409,2,'12','2021-09-24 17:56:49','2021-09-30 20:18:09'),(410,2,'12','2021-09-24 17:56:49','2021-09-30 20:18:09'),(411,2,'12','2021-09-24 17:56:49','2021-09-30 20:18:09'),(412,2,'12','2021-09-24 17:56:49','2021-09-30 20:18:09'),(413,2,'12','2021-09-24 17:56:49','2021-09-30 20:18:09'),(414,2,'12','2021-09-24 17:56:49','2021-09-30 20:18:09'),(415,2,'12','2021-09-24 17:56:49','2021-09-30 20:18:09'),(416,2,'12','2021-09-24 17:56:49','2021-09-30 20:18:09'),(417,2,'12','2021-09-24 17:56:49','2021-09-30 20:18:09'),(418,2,'12','2021-09-24 17:56:49','2021-09-30 20:18:09'),(419,2,'12','2021-09-24 17:56:49','2021-09-30 20:18:09'),(420,2,'12','2021-09-24 17:56:49','2021-09-30 20:18:09'),(421,2,'12','2021-09-24 17:56:49','2021-09-30 20:18:09'),(422,2,'12','2021-09-24 17:56:49','2021-09-30 20:18:09'),(423,2,'12','2021-09-24 17:56:49','2021-09-30 20:18:09'),(424,2,'12','2021-09-24 17:56:49','2021-09-30 20:18:09'),(425,2,'12','2021-09-24 17:56:49','2021-09-30 20:18:09'),(426,2,'12','2021-09-24 17:56:49','2021-09-30 20:18:09'),(427,2,'12','2021-09-24 17:56:50','2021-09-30 20:18:09'),(428,2,'12','2021-09-24 17:56:50','2021-09-30 20:18:09'),(429,2,'12','2021-09-24 17:56:50','2021-09-30 20:18:09'),(430,2,'12','2021-09-24 17:56:50','2021-09-30 20:18:09'),(431,2,'12','2021-09-24 17:56:50','2021-09-30 20:18:09'),(432,2,'12','2021-09-24 17:56:50','2021-09-30 20:18:09'),(433,2,'12','2021-09-24 17:56:50','2021-09-30 20:18:09'),(434,2,'12','2021-09-24 17:56:50','2021-09-30 20:18:09'),(435,2,'12','2021-09-24 17:56:50','2021-09-30 20:18:09'),(436,2,'12','2021-09-24 17:56:50','2021-09-30 20:18:09'),(437,2,'12','2021-09-24 17:56:50','2021-09-30 20:18:09'),(438,2,'12','2021-09-24 17:56:50','2021-09-30 20:18:09'),(439,2,'12','2021-09-24 17:56:50','2021-09-30 20:18:09'),(440,2,'12','2021-09-24 17:56:50','2021-09-30 20:18:09'),(441,2,'12','2021-09-24 17:56:50','2021-09-30 20:18:09'),(442,1,'6','2021-09-30 20:21:39','2021-09-30 20:21:39');
/*!40000 ALTER TABLE `land_list` ENABLE KEYS */;
UNLOCK TABLES;

--
-- Table structure for table `land_player`
--

DROP TABLE IF EXISTS `land_player`;
/*!40101 SET @saved_cs_client     = @@character_set_client */;
/*!40101 SET character_set_client = utf8 */;
CREATE TABLE `land_player` (
  `land_id` int(11) NOT NULL,
  `player_id` int(11) NOT NULL,
  `isActive` tinyint(4) NOT NULL DEFAULT 0,
  `created_at` datetime NOT NULL DEFAULT current_timestamp(),
  `updated_at` datetime NOT NULL DEFAULT current_timestamp() ON UPDATE current_timestamp(),
  PRIMARY KEY (`land_id`,`player_id`),
  KEY `fk_land_player_idx` (`player_id`),
  CONSTRAINT `fk_land_land` FOREIGN KEY (`land_id`) REFERENCES `land_list` (`id`) ON DELETE NO ACTION ON UPDATE NO ACTION,
  CONSTRAINT `fk_land_player` FOREIGN KEY (`player_id`) REFERENCES `player_list` (`id`) ON DELETE NO ACTION ON UPDATE NO ACTION
) ENGINE=InnoDB DEFAULT CHARSET=utf8mb4;
/*!40101 SET character_set_client = @saved_cs_client */;

--
-- Dumping data for table `land_player`
--

LOCK TABLES `land_player` WRITE;
/*!40000 ALTER TABLE `land_player` DISABLE KEYS */;
INSERT INTO `land_player` VALUES (442,78,1,'2021-10-03 23:52:16','2021-10-03 23:52:16');
/*!40000 ALTER TABLE `land_player` ENABLE KEYS */;
UNLOCK TABLES;

--
-- Table structure for table `land_rarity`
--

DROP TABLE IF EXISTS `land_rarity`;
/*!40101 SET @saved_cs_client     = @@character_set_client */;
/*!40101 SET character_set_client = utf8 */;
CREATE TABLE `land_rarity` (
  `id` int(11) NOT NULL AUTO_INCREMENT,
  `name` varchar(45) NOT NULL,
  `pets_max` int(11) NOT NULL DEFAULT 0,
  `description` text DEFAULT NULL,
  `created_at` datetime NOT NULL DEFAULT current_timestamp(),
  PRIMARY KEY (`id`)
) ENGINE=InnoDB AUTO_INCREMENT=10 DEFAULT CHARSET=utf8mb4;
/*!40101 SET character_set_client = @saved_cs_client */;

--
-- Dumping data for table `land_rarity`
--

LOCK TABLES `land_rarity` WRITE;
/*!40000 ALTER TABLE `land_rarity` DISABLE KEYS */;
INSERT INTO `land_rarity` VALUES (1,'default',9,NULL,'2021-09-24 18:24:00'),(2,'common',15,NULL,'2021-09-24 18:24:00'),(3,'uncommon',25,NULL,'2021-09-24 18:24:00'),(4,'rare',35,NULL,'2021-09-24 18:24:00'),(5,'mythic',0,NULL,'2021-09-24 18:24:00'),(6,'center',6,NULL,'2021-09-29 13:05:25');
/*!40000 ALTER TABLE `land_rarity` ENABLE KEYS */;
UNLOCK TABLES;

--
-- Table structure for table `pet_list`
--

DROP TABLE IF EXISTS `pet_list`;
/*!40101 SET @saved_cs_client     = @@character_set_client */;
/*!40101 SET character_set_client = utf8 */;
CREATE TABLE `pet_list` (
  `id` int(11) NOT NULL AUTO_INCREMENT,
  `player_id` int(11) DEFAULT NULL,
  `role_id` int(11) NOT NULL,
  `rarity_id` int(11) NOT NULL,
  `image` varchar(45) NOT NULL,
  `production` int(11) NOT NULL,
  `hours` int(11) NOT NULL,
  `type` varchar(45) NOT NULL,
  `hp` varchar(45) NOT NULL,
  `attack` varchar(45) NOT NULL,
  `armor` varchar(45) NOT NULL,
  `speed` varchar(45) NOT NULL,
  `is_shop` tinyint(4) DEFAULT 0,
  `is_open` tinyint(4) NOT NULL DEFAULT 0,
  `open_at` datetime DEFAULT NULL,
  `created_at` datetime NOT NULL DEFAULT current_timestamp(),
  `updated_at` datetime NOT NULL DEFAULT current_timestamp() ON UPDATE current_timestamp(),
  PRIMARY KEY (`id`),
  KEY `fk_pet_player` (`player_id`),
  CONSTRAINT `fk_pet_player` FOREIGN KEY (`player_id`) REFERENCES `player_list` (`id`)
) ENGINE=InnoDB AUTO_INCREMENT=68 DEFAULT CHARSET=utf8mb4;
/*!40101 SET character_set_client = @saved_cs_client */;

--
-- Dumping data for table `pet_list`
--

LOCK TABLES `pet_list` WRITE;
/*!40000 ALTER TABLE `pet_list` DISABLE KEYS */;
INSERT INTO `pet_list` VALUES (63,78,5,1,'',300,1,'','','','','',1,0,NULL,'2021-10-04 00:00:46','2021-10-04 11:43:32'),(64,78,5,1,'',300,86,'','','','','',1,0,NULL,'2021-10-04 15:14:04','2021-10-04 15:14:04'),(65,78,5,1,'',300,86,'','','','','',1,0,NULL,'2021-10-04 15:14:07','2021-10-04 15:14:07'),(66,78,5,1,'',300,86,'','','','','',1,0,NULL,'2021-10-04 15:22:50','2021-10-04 15:22:50'),(67,78,5,1,'',300,86,'','','','','',1,0,NULL,'2021-10-04 15:23:53','2021-10-04 15:23:53');
/*!40000 ALTER TABLE `pet_list` ENABLE KEYS */;
UNLOCK TABLES;

--
-- Table structure for table `pet_rarity`
--

DROP TABLE IF EXISTS `pet_rarity`;
/*!40101 SET @saved_cs_client     = @@character_set_client */;
/*!40101 SET character_set_client = utf8 */;
CREATE TABLE `pet_rarity` (
  `id` int(11) NOT NULL AUTO_INCREMENT,
  `name` varchar(45) NOT NULL,
  `description` text DEFAULT NULL,
  `created_at` datetime NOT NULL DEFAULT current_timestamp(),
  PRIMARY KEY (`id`)
) ENGINE=InnoDB AUTO_INCREMENT=5 DEFAULT CHARSET=utf8mb4;
/*!40101 SET character_set_client = @saved_cs_client */;

--
-- Dumping data for table `pet_rarity`
--

LOCK TABLES `pet_rarity` WRITE;
/*!40000 ALTER TABLE `pet_rarity` DISABLE KEYS */;
INSERT INTO `pet_rarity` VALUES (1,'common',NULL,'2021-09-24 00:53:40'),(2,'uncommon',NULL,'2021-09-24 00:53:40'),(3,'rare',NULL,'2021-09-24 00:53:40'),(4,'mythic',NULL,'2021-09-24 00:53:40');
/*!40000 ALTER TABLE `pet_rarity` ENABLE KEYS */;
UNLOCK TABLES;

--
-- Table structure for table `pet_role`
--

DROP TABLE IF EXISTS `pet_role`;
/*!40101 SET @saved_cs_client     = @@character_set_client */;
/*!40101 SET character_set_client = utf8 */;
CREATE TABLE `pet_role` (
  `id` int(11) NOT NULL AUTO_INCREMENT,
  `name` varchar(45) NOT NULL,
  `description` varchar(45) DEFAULT NULL,
  `created_at` datetime NOT NULL DEFAULT current_timestamp(),
  PRIMARY KEY (`id`)
) ENGINE=InnoDB AUTO_INCREMENT=6 DEFAULT CHARSET=utf8mb4;
/*!40101 SET character_set_client = @saved_cs_client */;

--
-- Dumping data for table `pet_role`
--

LOCK TABLES `pet_role` WRITE;
/*!40000 ALTER TABLE `pet_role` DISABLE KEYS */;
INSERT INTO `pet_role` VALUES (1,'assasin',NULL,'2021-09-24 00:53:09'),(2,'tank-suport',NULL,'2021-09-24 00:53:09'),(3,'marker',NULL,'2021-09-24 00:53:09'),(4,'fighter',NULL,'2021-09-24 00:53:09'),(5,'shop',NULL,'2021-10-01 12:43:11');
/*!40000 ALTER TABLE `pet_role` ENABLE KEYS */;
UNLOCK TABLES;

--
-- Table structure for table `pet_shop`
--

DROP TABLE IF EXISTS `pet_shop`;
/*!40101 SET @saved_cs_client     = @@character_set_client */;
/*!40101 SET character_set_client = utf8 */;
CREATE TABLE `pet_shop` (
  `id` int(11) NOT NULL AUTO_INCREMENT,
  `rarity_id` int(11) NOT NULL,
  `image` varchar(45) NOT NULL,
  `production` int(11) NOT NULL,
  `hours` int(11) NOT NULL,
  `created_at` datetime NOT NULL DEFAULT current_timestamp(),
  `updated_at` datetime NOT NULL DEFAULT current_timestamp() ON UPDATE current_timestamp(),
  PRIMARY KEY (`id`)
) ENGINE=InnoDB AUTO_INCREMENT=47 DEFAULT CHARSET=utf8mb4;
/*!40101 SET character_set_client = @saved_cs_client */;

--
-- Dumping data for table `pet_shop`
--

LOCK TABLES `pet_shop` WRITE;
/*!40000 ALTER TABLE `pet_shop` DISABLE KEYS */;
INSERT INTO `pet_shop` VALUES (1,1,'',300,86,'2021-09-30 17:39:50','2021-10-01 00:56:34');
/*!40000 ALTER TABLE `pet_shop` ENABLE KEYS */;
UNLOCK TABLES;

--
-- Table structure for table `pet_users`
--

DROP TABLE IF EXISTS `pet_users`;
/*!40101 SET @saved_cs_client     = @@character_set_client */;
/*!40101 SET character_set_client = utf8 */;
CREATE TABLE `pet_users` (
  `pet_id` int(11) NOT NULL,
  `player_id` int(11) NOT NULL,
  `buy_at` datetime NOT NULL DEFAULT current_timestamp(),
  `sell_at` datetime DEFAULT NULL,
  PRIMARY KEY (`pet_id`,`player_id`,`buy_at`),
  KEY `fk_petOwner_user_idx` (`player_id`),
  CONSTRAINT `fk_petOwner_pet` FOREIGN KEY (`pet_id`) REFERENCES `pet_list` (`id`) ON DELETE NO ACTION ON UPDATE NO ACTION,
  CONSTRAINT `fk_petOwner_player` FOREIGN KEY (`player_id`) REFERENCES `player_list` (`id`) ON DELETE NO ACTION ON UPDATE NO ACTION
) ENGINE=InnoDB DEFAULT CHARSET=utf8mb4;
/*!40101 SET character_set_client = @saved_cs_client */;

--
-- Dumping data for table `pet_users`
--

LOCK TABLES `pet_users` WRITE;
/*!40000 ALTER TABLE `pet_users` DISABLE KEYS */;
/*!40000 ALTER TABLE `pet_users` ENABLE KEYS */;
UNLOCK TABLES;

--
-- Table structure for table `player_ip`
--

DROP TABLE IF EXISTS `player_ip`;
/*!40101 SET @saved_cs_client     = @@character_set_client */;
/*!40101 SET character_set_client = utf8 */;
CREATE TABLE `player_ip` (
  `player_id` int(11) NOT NULL,
  `ip` varchar(64) NOT NULL,
  `operative_system` varchar(255) DEFAULT NULL,
  `explorer` varchar(255) DEFAULT NULL,
  `created_at` datetime DEFAULT NULL,
  PRIMARY KEY (`player_id`,`ip`),
  CONSTRAINT `fk_player_ip` FOREIGN KEY (`player_id`) REFERENCES `player_list` (`id`) ON DELETE NO ACTION ON UPDATE NO ACTION
) ENGINE=InnoDB DEFAULT CHARSET=utf8mb4;
/*!40101 SET character_set_client = @saved_cs_client */;

--
-- Dumping data for table `player_ip`
--

LOCK TABLES `player_ip` WRITE;
/*!40000 ALTER TABLE `player_ip` DISABLE KEYS */;
/*!40000 ALTER TABLE `player_ip` ENABLE KEYS */;
UNLOCK TABLES;

--
-- Table structure for table `player_list`
--

DROP TABLE IF EXISTS `player_list`;
/*!40101 SET @saved_cs_client     = @@character_set_client */;
/*!40101 SET character_set_client = utf8 */;
CREATE TABLE `player_list` (
  `id` int(11) NOT NULL AUTO_INCREMENT,
  `username` varchar(45) DEFAULT NULL,
  `email` varchar(64) DEFAULT NULL,
  `password` varchar(140) DEFAULT NULL,
  `metamask_address` varchar(64) DEFAULT NULL,
  `group` varchar(45) DEFAULT NULL,
  `coins` varchar(255) DEFAULT '0',
  `role` varchar(45) DEFAULT '1',
  `use_house` varchar(255) DEFAULT '0',
  `use_food` varchar(255) DEFAULT '0',
  `use_cress` varchar(255) DEFAULT '0',
  `login_at` datetime DEFAULT NULL,
  `created_at` datetime NOT NULL DEFAULT current_timestamp(),
  `updated_at` datetime NOT NULL DEFAULT current_timestamp() ON UPDATE current_timestamp(),
  PRIMARY KEY (`id`),
  UNIQUE KEY `email_UNIQUE` (`email`),
  UNIQUE KEY `wallet_metamask_UNIQUE` (`metamask_address`),
  UNIQUE KEY `username_UNIQUE` (`username`)
) ENGINE=InnoDB AUTO_INCREMENT=79 DEFAULT CHARSET=utf8mb4;
/*!40101 SET character_set_client = @saved_cs_client */;

--
-- Dumping data for table `player_list`
--

LOCK TABLES `player_list` WRITE;
/*!40000 ALTER TABLE `player_list` DISABLE KEYS */;
INSERT INTO `player_list` VALUES (78,NULL,NULL,NULL,'0x5fcc3620ded3c6fa89e6e0e2b203e3c8262e40a7',NULL,'0','1','0','0','0',NULL,'2021-10-03 23:52:16','2021-10-03 23:52:16');
/*!40000 ALTER TABLE `player_list` ENABLE KEYS */;
UNLOCK TABLES;

--
-- Table structure for table `player_os`
--

DROP TABLE IF EXISTS `player_os`;
/*!40101 SET @saved_cs_client     = @@character_set_client */;
/*!40101 SET character_set_client = utf8 */;
CREATE TABLE `player_os` (
  `id` int(11) NOT NULL AUTO_INCREMENT,
  `player_id` int(11) DEFAULT NULL,
  `so` varchar(45) DEFAULT NULL,
  `browser` varchar(45) DEFAULT NULL,
  `created_at` datetime NOT NULL DEFAULT current_timestamp(),
  PRIMARY KEY (`id`)
) ENGINE=InnoDB DEFAULT CHARSET=utf8mb4;
/*!40101 SET character_set_client = @saved_cs_client */;

--
-- Dumping data for table `player_os`
--

LOCK TABLES `player_os` WRITE;
/*!40000 ALTER TABLE `player_os` DISABLE KEYS */;
/*!40000 ALTER TABLE `player_os` ENABLE KEYS */;
UNLOCK TABLES;

--
-- Table structure for table `player_resources`
--

DROP TABLE IF EXISTS `player_resources`;
/*!40101 SET @saved_cs_client     = @@character_set_client */;
/*!40101 SET character_set_client = utf8 */;
CREATE TABLE `player_resources` (
  `player_id` int(11) NOT NULL,
  `coins` int(11) NOT NULL DEFAULT 0,
  `house` int(11) NOT NULL DEFAULT 0,
  `food` int(11) NOT NULL DEFAULT 0,
  `caress` int(11) NOT NULL DEFAULT 0,
  `pet` int(11) NOT NULL DEFAULT 0,
  `created_at` datetime NOT NULL DEFAULT current_timestamp(),
  `updated_at` datetime NOT NULL DEFAULT current_timestamp() ON UPDATE current_timestamp(),
  PRIMARY KEY (`player_id`)
) ENGINE=InnoDB DEFAULT CHARSET=utf8mb4;
/*!40101 SET character_set_client = @saved_cs_client */;

--
-- Dumping data for table `player_resources`
--

LOCK TABLES `player_resources` WRITE;
/*!40000 ALTER TABLE `player_resources` DISABLE KEYS */;
INSERT INTO `player_resources` VALUES (78,10,2,40,19,0,'2021-10-03 23:52:16','2021-10-04 15:41:14');
/*!40000 ALTER TABLE `player_resources` ENABLE KEYS */;
UNLOCK TABLES;

--
-- Table structure for table `shop_buys`
--

DROP TABLE IF EXISTS `shop_buys`;
/*!40101 SET @saved_cs_client     = @@character_set_client */;
/*!40101 SET character_set_client = utf8 */;
CREATE TABLE `shop_buys` (
  `id` int(11) NOT NULL AUTO_INCREMENT,
  `shop_id` int(11) NOT NULL,
  `player_id` int(11) NOT NULL,
  `quantity` int(11) NOT NULL,
  `created_at` datetime NOT NULL DEFAULT current_timestamp(),
  PRIMARY KEY (`id`),
  KEY `fk_shop_id_idx` (`shop_id`),
  KEY `fk_shop_player_idx` (`player_id`),
  CONSTRAINT `fk_shop_id` FOREIGN KEY (`shop_id`) REFERENCES `shop_list` (`id`) ON DELETE NO ACTION ON UPDATE NO ACTION,
  CONSTRAINT `fk_shop_player` FOREIGN KEY (`player_id`) REFERENCES `player_list` (`id`) ON DELETE NO ACTION ON UPDATE NO ACTION
) ENGINE=InnoDB AUTO_INCREMENT=3 DEFAULT CHARSET=utf8mb4;
/*!40101 SET character_set_client = @saved_cs_client */;

--
-- Dumping data for table `shop_buys`
--

LOCK TABLES `shop_buys` WRITE;
/*!40000 ALTER TABLE `shop_buys` DISABLE KEYS */;
INSERT INTO `shop_buys` VALUES (1,2,78,4,'2021-10-04 15:40:27'),(2,4,78,1,'2021-10-04 15:40:31');
/*!40000 ALTER TABLE `shop_buys` ENABLE KEYS */;
UNLOCK TABLES;

--
-- Table structure for table `shop_list`
--

DROP TABLE IF EXISTS `shop_list`;
/*!40101 SET @saved_cs_client     = @@character_set_client */;
/*!40101 SET character_set_client = utf8 */;
CREATE TABLE `shop_list` (
  `id` int(11) NOT NULL AUTO_INCREMENT,
  `title` varchar(255) NOT NULL,
  `image` varchar(255) DEFAULT NULL,
  `hours` int(11) DEFAULT NULL,
  `usages` int(11) DEFAULT NULL,
  `description` text NOT NULL,
  `cost` decimal(10,0) NOT NULL,
  `action` varchar(255) NOT NULL,
  `created_at` datetime NOT NULL DEFAULT current_timestamp(),
  `updated_at` datetime NOT NULL DEFAULT current_timestamp() ON UPDATE current_timestamp(),
  PRIMARY KEY (`id`)
) ENGINE=InnoDB AUTO_INCREMENT=5 DEFAULT CHARSET=utf8mb4;
/*!40101 SET character_set_client = @saved_cs_client */;

--
-- Dumping data for table `shop_list`
--

LOCK TABLES `shop_list` WRITE;
/*!40000 ALTER TABLE `shop_list` DISABLE KEYS */;
INSERT INTO `shop_list` VALUES (1,'Pet low cost','pet.png',96,1,'A temporary pet that gives 300CE/96h, is not affected by weather events.',150,'pet','2021-09-24 11:01:55','2021-09-27 23:24:04'),(2,'House','house.png',240,1,'You need a small house to start digging.',50,'house','2021-09-24 10:59:59','2021-09-27 23:24:04'),(3,'Food','food.png',NULL,50,'Don\'t forget to feed your pets every day.',110,'food','2021-09-24 11:04:35','2021-09-24 11:08:56'),(4,'Caress','caress.png',NULL,10,'Take away the fear of pets.',40,'caress','2021-09-24 11:05:19','2021-09-24 11:08:56');
/*!40000 ALTER TABLE `shop_list` ENABLE KEYS */;
UNLOCK TABLES;

--
-- Dumping routines for database 'petsvsmachine'
--
/*!40103 SET TIME_ZONE=@OLD_TIME_ZONE */;

/*!40101 SET SQL_MODE=@OLD_SQL_MODE */;
/*!40014 SET FOREIGN_KEY_CHECKS=@OLD_FOREIGN_KEY_CHECKS */;
/*!40014 SET UNIQUE_CHECKS=@OLD_UNIQUE_CHECKS */;
/*!40101 SET CHARACTER_SET_CLIENT=@OLD_CHARACTER_SET_CLIENT */;
/*!40101 SET CHARACTER_SET_RESULTS=@OLD_CHARACTER_SET_RESULTS */;
/*!40101 SET COLLATION_CONNECTION=@OLD_COLLATION_CONNECTION */;
/*!40111 SET SQL_NOTES=@OLD_SQL_NOTES */;

-- Dump completed on 2021-10-04 21:38:54
